name,stars,forks,created_at,releases,language
Snailclimb/JavaGuide,154489,46136,2018-05-07T13:27:00Z,0,Java
krahets/hello-algo,124044,14954,2022-11-04T11:08:34Z,10,Java
GrowingGit/GitHub-Chinese-Top-Charts,107111,13526,2019-09-05T03:01:56Z,0,Java
iluwatar/java-design-patterns,93838,27369,2014-08-09T16:45:18Z,0,Java
macrozheng/mall,83249,29678,2018-04-04T01:11:44Z,3,Java
spring-projects/spring-boot,80311,41863,2012-10-19T15:02:57Z,345,Java
doocs/advanced-java,78915,19265,2018-10-06T11:38:30Z,1,Java
MisterBooo/LeetCodeAnimation,76704,13974,2018-12-06T08:01:22Z,0,Java
elastic/elasticsearch,76398,25830,2010-02-08T13:20:56Z,238,Java
NationalSecurityAgency/ghidra,66199,7294,2019-03-01T03:27:48Z,52,Java
TheAlgorithms/Java,65281,21041,2016-07-16T10:21:02Z,0,Java
kdn251/interviews,64936,12922,2017-02-14T18:19:25Z,0,Java
spring-projects/spring-framework,59785,38904,2010-12-08T04:04:45Z,359,Java
termux/termux-app,52518,6283,2015-10-23T09:42:46Z,95,Java
google/guava,51507,11158,2014-05-29T16:23:17Z,57,Java
dbeaver/dbeaver,49295,4087,2015-10-21T08:26:28Z,244,Java
ReactiveX/RxJava,48466,7601,2013-01-08T20:11:48Z,257,Java
skylot/jadx,47800,5468,2013-03-18T17:08:21Z,34,Java
jeecgboot/JeecgBoot,45577,15849,2018-11-26T10:40:00Z,70,Java
apache/dubbo,41711,26529,2012-06-19T07:56:02Z,113,Java
PhilJay/MPAndroidChart,38228,9046,2014-04-25T14:29:47Z,44,Java
halo-dev/halo,38150,10231,2018-03-21T12:56:52Z,253,Java
TeamNewPipe/NewPipe,37665,3522,2015-09-03T23:39:26Z,141,Java
eugenp/tutorials,37350,53719,2013-04-29T18:26:36Z,0,Java
alibaba/arthas,37214,7636,2018-08-29T17:15:57Z,69,Java
YunaiV/ruoyi-vue-pro,36041,7779,2021-01-24T03:18:25Z,54,Java
geekxh/hello-algorithm,36038,6445,2020-05-29T05:47:09Z,0,Java
doocs/leetcode,35825,9380,2018-09-16T14:03:03Z,21,Java
airbnb/lottie-android,35602,5438,2016-10-06T22:42:42Z,63,Java
ashishps1/awesome-system-design-resources,35565,7778,2023-10-25T01:50:42Z,0,Java
bumptech/glide,35031,6183,2013-07-08T22:52:33Z,54,Java
netty/netty,34898,16268,2010-11-09T09:22:21Z,3,Java
SeleniumHQ/selenium,34183,8667,2013-01-14T21:40:56Z,114,Java
xkcoding/spring-boot-demo,34112,10991,2017-11-10T06:27:29Z,0,Java
zxing/zxing,33901,9434,2011-10-12T14:07:27Z,32,Java
alibaba/easyexcel,33769,7622,2018-02-06T03:14:08Z,14,Java
Blankj/AndroidUtilCode,33707,10681,2016-07-30T18:18:32Z,117,Java
keycloak/keycloak,33583,8175,2013-07-02T13:38:51Z,103,Java
alibaba/nacos,32765,13261,2018-06-15T06:49:27Z,90,Java
binarywang/WxJava,32672,9060,2016-01-06T08:24:05Z,31,Java
apache/kafka,32238,15072,2011-08-15T18:06:16Z,0,Java
conductor-oss/conductor,31567,841,2023-12-08T06:06:09Z,37,Java
ityouknow/spring-boot-examples,30638,12299,2016-11-05T05:32:33Z,0,Java
chinabugotech/hutool,30327,7645,2014-04-13T07:23:51Z,157,Java
xuxueli/xxl-job,29994,11454,2015-11-28T12:59:34Z,42,Java
apolloconfig/apollo,29767,10200,2016-03-04T10:24:23Z,43,Java
alibaba/canal,29645,7660,2013-01-13T10:59:52Z,32,Java
yuliskov/SmartTube,29104,1559,2020-07-28T12:53:52Z,980,Java
alibaba/spring-cloud-alibaba,29081,8515,2017-12-01T20:49:15Z,51,Java
wuyouzhuguli/SpringAll,29012,8155,2018-05-02T02:48:44Z,0,Java
DrKLO/Telegram,28762,9361,2013-10-25T14:08:10Z,95,Java
alibaba/druid,28212,8602,2011-11-03T05:12:51Z,52,Java
lenve/vhr,28099,10251,2018-01-04T08:57:51Z,0,Java
Anuken/Mindustry,27035,3381,2017-04-30T01:24:29Z,182,Java
crossoverJie/JCSprout,27000,7021,2017-12-17T09:06:50Z,0,Java
qiurunze123/miaosha,26604,6617,2018-09-14T04:36:24Z,0,Java
kestra-io/kestra,26602,2534,2019-08-24T13:56:15Z,413,Java
OpenAPITools/openapi-generator,26031,7458,2018-05-12T09:57:56Z,79,Java
apache/incubator-seata,25966,8891,2018-12-28T08:37:22Z,45,Java
apache/flink,25899,13905,2014-06-07T07:00:10Z,0,Java
alibaba/fastjson,25701,6446,2011-11-03T06:58:52Z,84,Java
hollischuang/toBeTopJavaer,25457,5410,2018-10-25T09:54:54Z,0,Java
JakeWharton/butterknife,25413,4565,2013-03-05T08:18:59Z,0,Java
CodePhiliaX/Chat2DB,25281,2763,2023-06-20T14:05:26Z,43,Java
bazelbuild/bazel,25264,4434,2014-06-12T16:00:38Z,246,Java
scwang90/SmartRefreshLayout,25174,4976,2017-06-02T09:52:50Z,14,Java
jenkinsci/jenkins,25132,9436,2010-11-22T21:21:23Z,483,Java
libgdx/libgdx,24951,6534,2012-08-10T19:34:38Z,15,Java
proxyee-down-org/proxyee-down,24787,4377,2017-10-25T10:07:27Z,49,Java
apache/skywalking,24765,6640,2015-11-07T03:30:36Z,63,Java
greenrobot/EventBus,24746,4649,2012-07-16T16:55:40Z,7,Java
Netflix/Hystrix,24467,4705,2012-11-19T20:14:46Z,79,Java
google/gson,24349,4416,2015-03-19T18:21:20Z,12,Java
redisson/redisson,24276,5499,2014-01-11T14:06:25Z,178,Java
iBotPeaches/Apktool,24149,3899,2012-03-19T17:46:53Z,28,Java
dataease/dataease,23679,4060,2021-02-02T04:10:21Z,105,Java
EnterpriseQualityCoding/FizzBuzzEnterpriseEdition,23570,800,2012-11-24T00:14:41Z,0,Java
LSPosed/LSPosed,23246,3537,2020-12-12T08:39:37Z,39,Java
doocs/source-code-hunter,23136,4257,2019-10-28T01:35:10Z,0,Java
alibaba/Sentinel,23105,8151,2018-04-04T06:37:33Z,26,Java
ashishps1/awesome-low-level-design,22924,5638,2023-11-17T10:15:12Z,0,Java
openjdk/jdk,22740,6296,2018-09-17T12:29:20Z,0,Java
apache/rocketmq,22388,11991,2016-11-30T08:00:08Z,24,Java
kunal-kushwaha/DSA-Bootcamp-Java,22380,13212,2021-07-30T12:23:25Z,0,Java
google/ExoPlayer,21936,6014,2014-06-13T21:19:18Z,28,Java
elunez/eladmin,21934,7370,2018-12-14T08:54:24Z,1,Java
oracle/graal,21532,1784,2016-01-14T17:11:35Z,32,Java
CarGuo/GSYVideoPlayer,21431,4323,2016-11-13T12:34:31Z,64,Java
thingsboard/thingsboard,21422,6198,2016-12-01T09:33:30Z,77,Java
brettwooldridge/HikariCP,21075,3013,2013-10-08T05:43:03Z,0,Java
apache/shardingsphere,20703,6913,2016-01-18T12:49:26Z,59,Java
didi/DoKit,20434,3190,2018-08-14T10:32:07Z,14,Java
mybatis/mybatis-3,20401,12944,2013-02-14T19:03:32Z,46,Java
linlinjava/litemall,20209,7338,2018-03-22T16:42:30Z,8,Java
ReactiveX/RxAndroid,20181,2945,2014-08-19T03:46:38Z,20,Java
yudaocode/SpringBoot-Labs,20077,6178,2018-09-12T14:51:46Z,0,Java
JetBrains/intellij-community,19876,5706,2011-09-30T13:33:05Z,24,Java
dianping/cat,18971,5423,2012-12-05T02:31:48Z,3,Java
lionsoul2014/ip2region,18872,2988,2015-11-02T00:43:13Z,21,Java
Baseflow/PhotoView,18859,3923,2012-07-17T16:39:00Z,5,Java
antlr/antlr4,18807,3426,2010-02-04T01:36:28Z,31,Java
YunaiV/yudao-cloud,18709,4687,2019-05-02T16:06:49Z,40,Java
dromara/Sa-Token,18708,2888,2020-02-03T10:34:29Z,39,Java
williamfiset/Algorithms,18540,4524,2017-03-18T02:50:46Z,0,Java
Tencent/APIJSON,18408,2274,2016-11-21T12:03:29Z,111,Java
LMAX-Exchange/disruptor,18273,3962,2012-09-21T13:42:24Z,14,Java
forezp/SpringCloudLearning,17978,7998,2017-04-08T10:06:56Z,0,Java
Tencent/tinker,17819,3359,2016-09-06T06:57:52Z,60,Java
ben-manes/caffeine,17573,1683,2014-12-13T08:45:11Z,72,Java
infinilabs/analysis-ik,17434,3284,2011-12-16T09:01:45Z,1,Java
openzipkin/zipkin,17418,3101,2012-06-06T18:26:16Z,98,Java
justauth/JustAuth,17415,2852,2019-01-31T09:42:20Z,46,Java
baomidou/mybatis-plus,17324,4445,2016-08-18T10:06:53Z,40,Java
gyoogle/tech-interview-for-developer,17232,3726,2019-06-09T04:42:57Z,0,Java
material-components/material-components-android,17217,3227,2016-12-05T16:11:29Z,118,Java
facebook/fresco,17163,3749,2015-03-02T09:58:04Z,55,Java
alibaba/DataX,17147,5662,2018-01-18T10:09:47Z,7,Java
nostra13/Android-Universal-Image-Loader,17056,6040,2011-11-27T18:48:23Z,0,Java
heibaiying/BigData-Notes,16882,4308,2019-03-10T01:40:01Z,0,Java
questdb/questdb,16789,1556,2014-04-28T23:29:15Z,104,Java
winterbe/java8-tutorial,16768,4010,2014-03-16T17:25:43Z,0,Java
Grasscutters/Grasscutter,16767,4366,2022-04-17T12:43:46Z,20,Java
shuzheng/zheng,16703,7288,2016-10-04T10:07:06Z,0,Java
prestodb/presto,16667,5534,2012-08-09T01:03:37Z,14,Java
JeffLi1993/springboot-learning-example,16595,7106,2017-02-06T07:02:25Z,0,Java
neo4j/neo4j,16186,2583,2012-11-12T08:46:15Z,72,Java
ashishps1/awesome-leetcode-resources,16093,3445,2023-10-25T01:48:19Z,0,Java
android-hacker/VirtualXposed,15989,2520,2017-12-01T09:00:58Z,50,Java
dyc87112/SpringBoot-Learning,15792,4836,2016-08-21T03:39:06Z,0,Java
android10/Android-CleanArchitecture,15561,3288,2014-08-19T14:09:26Z,0,Java
quarkusio/quarkus,15560,3113,2018-07-06T00:44:20Z,465,Java
apache/hadoop,15511,9205,2014-08-28T07:00:08Z,0,Java
Konloch/bytecode-viewer,15460,1224,2014-10-14T10:26:46Z,62,Java
mockito/mockito,15435,2654,2012-10-13T20:27:12Z,226,Java
apache/pulsar,15177,3713,2016-06-28T07:00:03Z,122,Java
apache/doris,15157,3742,2017-08-10T12:13:30Z,83,Java
java-decompiler/jd-gui,15059,2476,2015-03-25T05:28:41Z,18,Java
zhisheng17/flink-learning,15056,3958,2019-01-01T07:38:28Z,0,Java
supertokens/supertokens-core,14988,657,2020-01-05T13:30:52Z,115,Java
zaproxy/zaproxy,14913,2529,2015-06-03T16:55:01Z,24,Java
cryptomator/cryptomator,14842,1278,2014-02-02T00:43:47Z,205,Java
elastic/logstash,14816,3502,2010-11-18T01:31:50Z,238,Java
theonedev/onedev,14802,944,2018-11-06T02:57:01Z,469,Java
eclipse-vertx/vert.x,14658,2098,2011-06-17T14:54:55Z,0,Java
arduino/Arduino,14553,6989,2010-09-17T19:10:36Z,37,Java
hdodenhof/CircleImageView,14543,3097,2014-01-17T16:44:46Z,0,Java
Tencent/QMUI_Android,14522,2677,2017-04-21T10:03:18Z,35,Java
alibaba/ARouter,14501,2614,2016-12-14T01:27:49Z,16,Java
GoogleContainerTools/jib,14362,1469,2018-01-22T18:30:43Z,176,Java
languagetool-org/languagetool,14217,1493,2013-08-08T16:37:22Z,0,Java
deeplearning4j/deeplearning4j,14214,3844,2013-11-27T02:03:28Z,0,Java
apache/dolphinscheduler,14203,5011,2019-03-01T16:39:25Z,56,Java
DuGuQiuBai/Java,14194,5169,2015-11-25T07:30:08Z,0,Java
kekingcn/kkFileView,14025,3223,2017-12-12T11:41:08Z,16,Java
Netflix/zuul,14000,2431,2013-03-13T18:53:57Z,61,Java
janishar/mit-deep-learning-book-pdf,13970,2872,2017-04-07T10:46:50Z,3,Java
apache/druid,13967,3777,2012-10-23T19:08:07Z,71,Java
xpipe-io/xpipe,13913,533,2023-01-27T02:25:38Z,146,Java
sqshq/piggymetrics,13882,6385,2015-03-29T17:56:31Z,2,Java
orhanobut/logger,13879,2138,2015-03-20T22:30:12Z,16,Java
pinpoint-apm/pinpoint,13815,3760,2014-10-20T09:27:22Z,62,Java
lgvalle/Material-Animations,13799,2451,2015-03-08T20:54:00Z,0,Java
seaswalker/spring-analysis,13764,4151,2016-09-09T07:46:32Z,0,Java
JessYanCoding/AndroidAutoSize,13748,2011,2018-08-17T09:04:19Z,14,Java
LuckSiege/PictureSelector,13595,3114,2017-01-04T07:47:39Z,116,Java
tink-crypto/tink,13559,1185,2014-06-06T16:21:09Z,21,Java
Bigkoo/Android-PickerView,13469,3460,2014-12-28T01:46:38Z,0,Java
projectlombok/lombok,13429,2476,2009-06-08T19:46:41Z,0,Java
macrozheng/mall-learning,13365,8319,2019-04-12T13:20:31Z,0,Java
pxb1988/dex2jar,13100,2193,2015-03-16T09:13:07Z,8,Java
metersphere/metersphere,13045,2792,2020-02-03T02:06:12Z,183,Java
youth5201314/banner,13040,2530,2016-04-22T05:50:25Z,0,Java
alibaba/COLA,12920,3231,2018-02-06T13:46:27Z,11,Java
macrozheng/mall-swarm,12890,5510,2019-11-25T06:55:31Z,3,Java
plantuml/plantuml,12838,1163,2010-11-04T15:55:50Z,67,Java
codecentric/spring-boot-admin,12824,3117,2014-07-25T11:39:13Z,147,Java
Netflix/conductor,12788,2331,2016-12-07T22:48:42Z,319,Java
apache/zookeeper,12744,7330,2009-03-27T15:41:56Z,0,Java
google/guice,12733,1686,2014-05-28T23:18:53Z,19,Java
microg/GmsCore,12711,2664,2014-04-23T19:28:47Z,45,Java
facebook/stetho,12701,1117,2015-01-22T22:34:10Z,13,Java
Netflix/eureka,12697,3780,2012-07-26T22:23:07Z,152,Java
trinodb/trino,12665,3547,2019-01-19T06:38:14Z,4,Java
opensearch-project/OpenSearch,12647,2481,2021-01-29T22:10:00Z,65,Java
greenrobot/greenDAO,12617,2873,2011-10-22T16:15:14Z,8,Java
zhihu/Matisse,12564,2053,2017-04-13T01:31:05Z,15,Java
debezium/debezium,12551,2894,2016-01-22T20:17:05Z,0,Java
daimajia/AndroidViewAnimations,12473,2418,2014-06-23T03:53:13Z,9,Java
LawnchairLauncher/lawnchair,12451,1473,2017-03-03T13:12:58Z,31,Java
pagehelper-org/Mybatis-PageHelper,12383,3114,2014-06-09T15:32:30Z,15,Java
daimajia/AndroidSwipeLayout,12382,2647,2014-08-25T04:09:33Z,18,Java
redis/jedis,12298,3902,2010-06-11T13:04:43Z,120,Java
amitshekhariitbhu/android-interview-questions,12292,2380,2017-07-09T18:47:24Z,0,Java
Team-xManager/xManager,12185,318,2021-02-08T11:31:10Z,51,Java
beemdevelopment/Aegis,12176,515,2016-08-15T19:10:31Z,73,Java
Yalantis/uCrop,12121,2227,2016-01-05T13:41:06Z,20,Java
PaperMC/Paper,12038,3316,2016-01-22T05:40:19Z,0,Java
grpc/grpc-java,11999,3977,2014-12-08T19:00:00Z,189,Java
Tencent/matrix,11998,1935,2018-12-11T07:08:02Z,16,Java
provectus/kafka-ui,11983,1380,2019-11-26T15:55:55Z,25,Java
Tencent/VasSonic,11879,1619,2017-08-01T08:35:13Z,10,Java
OpenRefine/OpenRefine,11788,2132,2012-10-15T02:22:48Z,76,Java
datahub-project/datahub,11724,3407,2015-11-18T05:47:40Z,135,Java
frank-lam/fullstack-tutorial,11698,2415,2018-04-13T01:50:10Z,0,Java
code4craft/webmagic,11696,4151,2013-04-23T12:57:36Z,33,Java
jd-opensource/joyagent-jdgenie,11586,1577,2025-07-16T02:59:53Z,1,Java
newbee-ltd/newbee-mall,11540,2765,2019-09-21T03:56:04Z,0,Java
StarRocks/starrocks,11514,2377,2021-09-04T02:29:35Z,179,Java
realm/realm-java,11489,1754,2012-04-20T09:18:42Z,0,Java
careercup/CtCI-6th-Edition,11476,4394,2015-07-02T06:28:46Z,0,Java
gyf-dev/ImmersionBar,11469,1921,2017-04-19T05:10:09Z,0,Java
jhy/jsoup,11360,2284,2009-12-19T01:29:58Z,21,Java
ssssssss-team/spider-flow,11318,2180,2020-03-27T11:07:15Z,2,Java
langchain4j/langchain4j,11317,2073,2023-06-20T15:30:29Z,61,Java
mission-peace/interview,11309,5159,2014-07-20T21:27:31Z,0,Java
apereo/cas,11308,3959,2011-09-09T01:36:42Z,315,Java
permissions-dispatcher/PermissionsDispatcher,11203,1437,2015-08-15T21:41:05Z,40,Java
daniulive/SmarterStreaming,11165,2763,2016-03-26T14:46:02Z,0,Java
lingochamp/FileDownloader,11124,2209,2015-12-22T11:17:16Z,65,Java
H07000223/FlycoTabLayout,11112,2419,2015-11-09T01:53:19Z,4,Java
apple/pkl,11105,364,2024-01-19T17:28:45Z,21,Java
jwtk/jjwt,11054,1383,2014-09-13T01:06:24Z,9,Java
jfeinstein10/SlidingMenu,11025,4969,2012-06-30T05:14:23Z,0,Java
androidannotations/androidannotations,11008,2324,2012-01-06T08:48:03Z,0,Java
asLody/VirtualApp,10950,3018,2016-07-06T13:25:23Z,0,Java
square/javapoet,10859,1387,2013-02-01T16:56:30Z,0,Java
clojure/clojure,10834,1457,2010-06-29T20:03:33Z,0,Java
aosp-mirror/platform_frameworks_base,10822,6480,2008-10-21T18:20:37Z,0,Java
TooTallNate/Java-WebSocket,10801,2589,2010-01-20T23:33:04Z,19,Java
alibaba/vlayout,10761,1788,2017-02-27T08:11:47Z,34,Java
iflytek/astron-agent,10732,1128,2025-09-19T08:46:01Z,12,Java
zfile-dev/zfile,10712,1961,2019-08-19T13:57:56Z,67,Java
android-async-http/android-async-http,10622,4051,2011-02-20T03:25:07Z,3,Java
resilience4j/resilience4j,10605,1449,2015-06-03T09:21:01Z,36,Java
jeasonlzy/okhttp-OkGo,10587,2549,2016-01-15T10:35:24Z,14,Java
google/auto,10557,1211,2013-05-22T21:41:56Z,67,Java
Activiti/Activiti,10522,6942,2012-09-13T11:34:43Z,1000,Java
lipangit/JiaoZiVideoPlayer,10504,2442,2016-02-06T11:04:24Z,78,Java
signalapp/Signal-Server,10457,2442,2013-12-09T07:10:36Z,0,Java
tbruyelle/RxPermissions,10441,1384,2015-09-29T13:55:09Z,11,Java
awsdocs/aws-doc-sdk-examples,10385,5847,2016-08-18T19:06:57Z,0,Java
SonarSource/sonarqube,10368,2174,2011-01-05T11:05:17Z,70,Java
JingMatrix/LSPosed,10284,652,2023-07-20T18:03:30Z,5,Java
JessYanCoding/MVPArms,10275,2363,2016-08-06T08:49:56Z,25,Java
ZCShou/GoGoGo,10129,1160,2021-12-03T06:59:39Z,8,Java
JakeWharton/ViewPagerIndicator,10086,3954,2011-08-04T17:13:44Z,0,Java
stanfordnlp/CoreNLP,10062,2718,2013-06-27T21:13:49Z,19,Java
happydog-intj/JsBridge,9930,2012,2015-02-26T12:10:58Z,0,Java
xuchengsheng/spring-reading,9928,1257,2023-09-15T06:42:44Z,0,Java
wasabeef/glide-transformations,9911,1405,2015-01-09T10:33:29Z,0,Java
googlesamples/easypermissions,9899,1463,2015-12-22T18:05:53Z,12,Java
paascloud/paascloud-master,9886,4259,2018-03-17T05:40:43Z,0,Java
hackware1993/MagicIndicator,9812,1553,2016-06-26T08:20:43Z,12,Java
OpenFeign/feign,9787,1938,2013-06-26T23:28:16Z,49,Java
HarlonWang/AVLoadingIndicatorView,9779,1878,2015-10-24T20:18:33Z,1,Java
lihengming/spring-boot-api-project-seed,9715,3748,2017-06-23T10:06:30Z,4,Java
spinnaker/spinnaker,9708,1259,2014-07-02T19:02:36Z,28,Java
YoKeyword/Fragmentation,9706,2102,2016-02-23T08:54:55Z,30,Java
apache/cassandra,9677,3855,2009-05-21T02:10:09Z,0,Java
perwendel/spark,9665,1568,2011-05-05T11:52:05Z,0,Java
koral--/android-gif-drawable,9661,1789,2013-01-30T01:37:46Z,63,Java
react-native-camera/react-native-camera,9648,3539,2015-04-01T00:54:40Z,144,Java
opendataloader-project/opendataloader-pdf,9646,713,2025-05-13T05:48:02Z,52,Java
AutoMQ/automq,9628,674,2023-08-17T07:50:13Z,81,Java
ksoichiro/Android-ObservableScrollView,9626,2048,2014-11-08T14:45:20Z,0,Java
flyway/flyway,9623,1605,2012-12-14T18:43:22Z,291,Java
bilibili/DanmakuFlameMaster,9613,2113,2013-08-11T12:18:50Z,5,Java
seven332/EhViewer,9550,944,2014-05-14T12:03:52Z,97,Java
MyCATApache/Mycat-Server,9542,3824,2014-12-04T02:46:54Z,7,Java
liaohuqiu/android-Ultra-Pull-To-Refresh,9531,2641,2014-11-13T03:13:10Z,8,Java
crossoverJie/cim,9489,2875,2018-05-20T15:55:56Z,9,Java
umano/AndroidSlidingUpPanel,9484,2242,2013-05-31T18:33:53Z,8,Java
spring-projects/spring-security,9476,6249,2012-01-10T21:50:57Z,249,Java
Justson/AgentWeb,9411,1662,2017-05-12T07:45:56Z,21,Java
json-path/JsonPath,9394,1714,2011-01-24T13:19:19Z,12,Java
pockethub/PocketHub,9381,3422,2011-09-08T16:52:50Z,1,Java
huanghaibin-dev/CalendarView,9370,1846,2017-03-11T07:16:09Z,1,Java
GcsSloop/AndroidNote,9340,2145,2016-01-04T23:51:36Z,0,Java
android/testing-samples,9302,3646,2014-10-11T03:51:27Z,0,Java
apache/jmeter,9290,2272,2010-05-26T23:38:07Z,10,Java
apache/seatunnel,9202,2202,2017-08-05T09:14:47Z,53,Java
cats-oss/android-gpuimage,9157,2305,2012-10-04T08:11:58Z,0,Java
flowable/flowable-engine,9148,2820,2016-10-13T07:21:43Z,29,Java
didi/VirtualAPK,9067,1537,2017-06-29T07:25:05Z,4,Java
HMCL-dev/HMCL,9010,846,2015-06-22T08:06:03Z,317,Java
alibaba/spring-ai-alibaba,8955,1980,2024-09-09T01:35:50Z,18,Java
KunMinX/Jetpack-MVVM-Best-Practice,8951,1651,2019-10-31T05:21:01Z,0,Java
navasmdc/MaterialDesignLibrary,8944,2201,2014-09-30T07:37:17Z,3,Java
Freelander/Android_Data,8918,2024,2015-04-04T01:37:44Z,0,Java
LSPosed/LSPatch,8913,1073,2021-03-01T19:38:36Z,9,Java
java-native-access/jna,8909,1682,2011-04-29T13:30:29Z,0,Java
checkstyle/checkstyle,8904,4076,2013-08-31T02:05:05Z,182,Java
frohoff/ysoserial,8826,1856,2015-01-28T07:13:55Z,1,Java
karatelabs/karate,8814,2022,2017-02-07T15:59:17Z,57,Java
PojavLauncherTeam/PojavLauncher,8805,1905,2020-03-11T03:22:54Z,126,Java
nathanmarz/storm,8789,1651,2011-09-17T07:55:13Z,0,Java
apache/shenyu,8783,3036,2018-07-11T08:17:45Z,14,Java
laobie/StatusBarUtil,8771,1714,2016-02-15T03:06:06Z,0,Java
cabaletta/baritone,8759,1807,2018-08-01T15:34:21Z,85,Java
Blankj/awesome-java-leetcode,8737,1703,2017-04-17T15:51:41Z,0,Java
apache/iceberg,8667,3105,2018-11-19T16:26:46Z,32,Java
chrisbanes/Android-PullToRefresh,8665,4650,2011-11-29T09:59:56Z,0,Java
ybq/Android-SpinKit,8653,1319,2016-03-20T08:40:51Z,0,Java
amitshekhariitbhu/Android-Debug-Database,8645,881,2016-11-16T14:20:24Z,14,Java
react-native-image-picker/react-native-image-picker,8637,2086,2015-06-08T20:25:31Z,142,Java
shwenzhang/AndResGuard,8634,1549,2015-10-11T11:48:06Z,4,Java
testcontainers/testcontainers-java,8614,1813,2015-04-12T12:44:59Z,91,Java
dropwizard/dropwizard,8602,3419,2011-01-19T19:52:29Z,192,Java
airbnb/epoxy,8571,734,2016-08-08T23:05:11Z,78,Java
facebook/buck,8562,1133,2013-04-17T18:12:18Z,57,Java
google/tsunami-security-scanner,8557,916,2020-06-03T16:20:00Z,1,Java
junit-team/junit4,8554,3278,2009-01-13T03:41:26Z,13,Java
chrisjenx/Calligraphy,8545,1084,2013-12-20T02:35:45Z,4,Java
aeron-io/aeron,8532,1016,2014-02-07T17:16:58Z,139,Java
apache/beam,8527,4523,2016-02-02T08:00:06Z,57,Java
wildfirechat/im-server,8463,1897,2019-01-23T15:21:28Z,115,Java
DImuthuUpe/AndroidPdfViewer,8463,2138,2016-06-02T20:21:21Z,0,Java
hs-web/hsweb-framework,8404,3036,2016-01-18T03:51:39Z,32,Java
roughike/BottomBar,8386,1484,2016-03-16T01:31:05Z,4,Java
pentaho/pentaho-kettle,8325,3584,2013-10-08T18:27:11Z,1,Java
spring-projects/spring-ai,8312,2392,2023-06-27T18:57:29Z,19,Java
bytedeco/javacv,8305,1617,2014-04-21T13:50:26Z,14,Java
alibaba/transmittable-thread-local,8270,1726,2013-10-13T08:48:33Z,58,Java
aritraroy/UltimateAndroidReference,8261,1280,2017-04-10T07:28:27Z,0,Java
apache/shardingsphere-elasticjob,8221,3258,2015-09-11T11:28:52Z,31,Java
krahets/LeetCode-Book,8191,883,2021-12-17T14:16:02Z,0,Java
alibaba/atlas,8170,1469,2017-02-28T06:31:43Z,7,Java
alibaba/otter,8133,2476,2013-08-09T09:31:22Z,10,Java
apache/tomcat,8128,5359,2011-10-01T07:00:19Z,0,Java
florent37/MaterialViewPager,8106,1469,2015-04-24T17:53:15Z,11,Java
guolindev/LitePal,8084,1587,2013-02-20T03:20:07Z,0,Java
LaurieWired/GhidraMCP,8055,741,2025-03-23T05:36:55Z,5,Java
junixapp/XPopup,8023,1211,2018-12-07T06:16:48Z,221,Java
davemorrissey/subsampling-scale-image-view,8009,1231,2013-08-26T16:45:25Z,21,Java
gunnarmorling/1brc,7987,2212,2023-12-28T09:13:24Z,0,Java
Graylog2/graylog2-server,7986,1099,2010-05-17T21:27:02Z,0,Java
Netflix/SimianArmy,7984,1123,2012-07-06T22:00:05Z,4,Java
JakeWharton/hugo,7913,794,2013-11-25T09:16:40Z,0,Java
jeecgboot/jimureport,7892,1842,2019-12-05T12:25:59Z,33,Java
dropwizard/metrics,7851,1794,2010-02-26T19:44:42Z,142,Java
exadel-inc/CompreFace,7851,1079,2020-07-06T08:29:43Z,11,Java
HannahMitt/HomeMirror,7831,655,2015-08-23T03:20:08Z,0,Java
lecho/hellocharts-android,7795,1603,2014-10-12T09:12:37Z,14,Java
ChrisRM/material-theme-jetbrains,7767,444,2015-09-23T07:15:04Z,17,Java
AntennaPod/AntennaPod,7756,1652,2012-07-31T10:25:08Z,65,Java
Tencent/Shadow,7743,1346,2019-06-13T10:50:27Z,5,Java
PowerJob/PowerJob,7717,1369,2020-03-16T09:19:55Z,51,Java
goldze/MVVMHabit,7709,1698,2017-07-21T10:38:40Z,3,Java
MuntashirAkon/AppManager,7696,435,2020-05-30T04:08:56Z,76,Java
trello-archive/RxLifecycle,7670,637,2015-07-20T13:32:23Z,22,Java
vipshop/vjtools,7655,1517,2018-05-29T09:07:08Z,9,Java
mapstruct/mapstruct,7632,1013,2012-05-28T12:42:42Z,36,Java
FongMi/TV,7628,2320,2022-06-22T09:10:23Z,0,Java
gedoor/MyBookshelf,7624,1803,2018-06-12T03:48:07Z,165,Java
google/android-classyshark,7597,874,2015-10-12T13:40:48Z,17,Java
MinecraftForge/MinecraftForge,7566,2795,2012-01-30T01:35:01Z,0,Java
koush/AndroidAsync,7550,1549,2012-08-24T07:27:04Z,0,Java
kaushikgopal/RxJava-Android-Samples,7527,1365,2014-07-23T05:13:52Z,0,Java
kevin-wayne/algs4,7523,2676,2015-08-31T09:28:49Z,0,Java
swagger-api/swagger-core,7522,2248,2011-07-05T23:44:11Z,129,Java
Genymobile/gnirehtet,7504,693,2017-02-09T16:01:13Z,12,Java
yuanguangxin/LeetCode,7492,1869,2020-01-11T01:02:02Z,0,Java
dependency-check/DependencyCheck,7466,1394,2012-09-03T20:43:30Z,91,Java
enso-org/enso,7437,337,2016-12-16T17:23:37Z,708,Java
lenve/VBlog,7433,2903,2017-12-26T11:01:55Z,0,Java
dyc87112/SpringCloud-Learning,7395,2869,2016-08-21T03:39:52Z,0,Java
abel533/Mapper,7385,1611,2014-11-21T11:02:10Z,11,Java
iflytek/astron-rpa,7384,808,2025-09-20T08:51:40Z,5,Java
gocd/gocd,7383,980,2013-12-13T05:26:16Z,87,Java
Qihoo360/RePlugin,7349,1556,2017-06-08T09:39:09Z,19,Java
leolin310148/ShortcutBadger,7341,1347,2013-11-15T12:51:52Z,0,Java
square/dagger,7310,3088,2012-08-02T23:25:32Z,0,Java
Bearded-Hen/Android-Bootstrap,7255,1407,2013-11-01T15:36:17Z,5,Java
zhongyi-tong/WeChatLuckyMoney,7245,2201,2015-09-30T16:11:20Z,20,Java
Exrick/xmall,7245,2545,2017-07-28T01:49:49Z,0,Java
crazycodeboy/TakePhoto,7238,1498,2015-08-04T02:05:32Z,15,Java
pedant/sweet-alert-dialog,7232,1919,2014-10-19T09:24:09Z,2,Java
NanoHttpd/nanohttpd,7213,1725,2012-08-10T21:52:42Z,3,Java
cymcsg/UltimateRecyclerView,7195,1416,2015-01-28T02:27:45Z,9,Java
wiremock/wiremock,7180,1497,2011-10-09T20:27:24Z,52,Java
didi/KnowStreaming,7178,1296,2020-03-19T05:13:51Z,23,Java
Alluxio/alluxio,7173,2948,2012-12-21T17:43:46Z,61,Java
google/error-prone,7150,787,2014-08-21T23:26:50Z,64,Java
apache/hertzbeat,7139,1262,2022-02-04T14:48:56Z,7,Java
google/agera,7134,630,2015-12-17T13:22:58Z,16,Java
rest-assured/rest-assured,7126,1929,2010-10-21T08:35:43Z,0,Java
h2pl/JavaTutorial,7120,1617,2018-05-01T15:57:21Z,1,Java
traccar/traccar,7117,3182,2012-04-16T08:33:49Z,69,Java
ogaclejapan/SmartTabLayout,7084,1329,2015-02-14T11:25:51Z,0,Java
JakeWharton/ActionBarSherlock,7072,3477,2011-03-07T17:28:54Z,32,Java
CoderLeixiaoshuai/java-eight-part,7066,1058,2020-10-16T16:27:04Z,0,Java
Col-E/Recaf,7065,518,2017-07-27T06:01:10Z,170,Java
naman14/Timber,7051,2146,2015-06-12T16:43:55Z,5,Java
mrniko/netty-socketio,7025,1673,2012-01-12T11:43:49Z,19,Java
NLPchina/elasticsearch-sql,7023,1533,2014-08-24T14:26:31Z,302,Java
junit-team/junit-framework,6992,1663,2015-01-11T19:06:10Z,107,Java
DroidPluginTeam/DroidPlugin,6976,2499,2015-08-27T11:14:57Z,2,Java
alibaba/jvm-sandbox,6959,1588,2017-08-03T02:55:31Z,13,Java
logisim-evolution/logisim-evolution,6918,912,2014-09-19T05:23:24Z,32,Java
macrozheng/springcloud-learning,6915,2824,2019-09-07T02:36:16Z,0,Java
rabbitmq/rabbitmq-tutorials,6874,3564,2010-09-21T11:41:26Z,0,Java
smuyyh/BookReader,6873,1890,2016-08-03T05:17:27Z,0,Java
Meituan-Dianping/walle,6866,1088,2017-01-10T03:39:25Z,1,Java
getActivity/AndroidProject,6865,1412,2018-10-23T10:30:55Z,18,Java
hongyangAndroid/okhttputils,6857,2376,2015-08-17T14:53:29Z,0,Java
vespa-engine/vespa,6835,700,2016-06-03T20:54:20Z,269,Java
guardianproject/haven,6798,747,2017-03-01T03:20:03Z,37,Java
zo0r/react-native-push-notification,6791,2017,2015-12-14T19:53:36Z,35,Java
raphw/byte-buddy,6788,845,2013-11-25T19:38:03Z,312,Java
Angel-ML/angel,6787,1591,2017-04-25T05:57:43Z,20,Java
fuzhengwei/itstack-demo-design,6780,1979,2020-05-20T13:45:30Z,0,Java
527515025/springBoot,6773,3159,2016-11-07T02:13:31Z,0,Java
gzu-liyujiang/AndroidPicker,6772,1499,2015-10-21T14:21:16Z,58,Java
CeuiLiSA/Pixiv-Shaft,6768,227,2019-04-01T09:59:09Z,122,Java
Meituan-Dianping/Leaf,6736,1875,2018-12-11T07:41:35Z,0,Java
648540858/wvp-GB28181-pro,6733,1903,2020-11-14T14:16:37Z,2,Java
markzhai/AndroidPerformanceMonitor,6733,1019,2016-01-17T05:23:22Z,0,Java
zouzg/mybatis-generator-gui,6708,2519,2016-05-08T22:39:39Z,16,Java
getActivity/XXPermissions,6708,891,2018-06-15T14:31:29Z,74,Java
quartz-scheduler/quartz,6708,1995,2016-03-07T14:05:37Z,8,Java
hongyangAndroid/AndroidAutoLayout,6691,1888,2015-11-19T02:09:11Z,0,Java
Suwayomi/Suwayomi-Server,6685,355,2020-12-23T20:31:38Z,58,Java
jOOQ/jOOQ,6685,1226,2011-04-17T10:43:33Z,122,Java
apache/storm,6676,4050,2013-11-05T08:00:14Z,8,Java
yanzhenjie/AndPermission,6647,1100,2016-09-11T05:17:34Z,0,Java
JesusFreke/smali,6616,1111,2012-09-23T19:51:16Z,0,Java
apache/zeppelin,6607,2819,2015-03-25T07:00:06Z,0,Java
hazelcast/hazelcast,6605,1872,2012-03-21T12:25:18Z,201,Java
pig-mesh/pig,6600,1076,2019-08-26T03:24:53Z,20,Java
GrenderG/Toasty,6594,800,2017-01-18T18:52:41Z,19,Java
NLPchina/ansj_seg,6545,2289,2012-09-05T05:56:24Z,3,Java
ximsfei/Android-skin-support,6521,1100,2017-01-12T15:03:54Z,0,Java
processing/processing,6496,1477,2013-01-24T21:17:22Z,48,Java
nayuki/QR-Code-generator,6486,1252,2016-04-15T02:19:41Z,5,Java
hibernate/hibernate-orm,6464,3742,2010-10-04T16:15:52Z,167,Java
ArthurHub/Android-Image-Cropper,6430,1370,2015-01-15T10:49:37Z,32,Java
wxiaoqi/Spring-Cloud-Platform,6429,2366,2017-05-25T10:35:26Z,3,Java
freeok/so-novel,6425,511,2022-05-23T15:49:36Z,53,Java
vinc3m1/RoundedImageView,6420,1242,2013-02-22T01:17:37Z,19,Java
jetlinks/jetlinks-community,6418,1871,2020-01-02T07:27:34Z,21,Java
Javen205/IJPay,6413,1479,2017-05-02T03:15:32Z,24,Java
gephi/gephi,6411,1599,2011-10-22T03:14:46Z,19,Java
AsyncHttpClient/async-http-client,6409,1593,2011-03-07T13:41:46Z,11,Java
micronaut-projects/micronaut-core,6393,1172,2018-03-07T12:05:08Z,351,Java
apache/flink-cdc,6383,2133,2020-07-27T19:23:33Z,23,Java
aa112901/remusic,6383,1922,2016-03-24T06:20:39Z,0,Java
graphhopper/graphhopper,6380,1895,2012-02-18T19:57:38Z,46,Java
joelittlejohn/jsonschema2pojo,6368,1672,2013-06-22T22:28:53Z,67,Java
haifengl/smile,6357,1146,2014-11-20T16:28:12Z,42,Java
DerekYRC/mini-spring,6355,1450,2020-11-17T11:59:18Z,1,Java
wasabeef/richeditor-android,6348,1207,2015-03-30T16:19:20Z,0,Java
sshahine/JFoenix,6347,1050,2015-09-08T14:04:24Z,0,Java
amitshekhariitbhu/from-java-to-kotlin,6337,785,2017-05-21T11:56:27Z,0,Java
apache/iotdb,6301,1129,2018-11-24T21:29:17Z,51,Java
lightbend/config,6296,979,2011-12-06T08:02:29Z,4,Java
koush/ion,6264,1027,2013-05-22T07:41:23Z,0,Java
graphql-java/graphql-java,6234,1148,2015-07-06T06:52:20Z,101,Java
apache/incubator-kie-drools,6231,2579,2011-02-18T08:37:05Z,6,Java
ityouknow/spring-cloud-examples,6217,3066,2017-04-28T08:48:53Z,0,Java
auth0/java-jwt,6207,948,2014-03-07T15:06:11Z,46,Java
google/grafika,6160,1478,2013-12-19T18:36:53Z,1,Java
apache/camel,6156,5096,2009-05-21T00:25:36Z,0,Java
Vedenin/useful-java-links,6155,1203,2016-02-13T13:14:52Z,0,Java
alipay/SoloPi,6147,1247,2019-03-14T15:32:49Z,8,Java
loks666/get_jobs,6143,781,2024-03-07T21:34:58Z,3,Java
LandGrey/SpringBootVulExploit,6127,1321,2020-05-20T09:18:44Z,0,Java
vavr-io/vavr,6127,660,2014-01-30T14:07:25Z,22,Java
obsidiandynamics/kafdrop,6125,893,2019-05-27T08:46:56Z,50,Java
apache/hudi,6125,2470,2016-12-14T15:53:41Z,33,Java
ikew0ng/SwipeBackLayout,6104,1395,2013-08-25T03:36:12Z,0,Java
rengwuxian/MaterialEditText,6099,1038,2014-10-30T10:07:23Z,19,Java
google/google-java-format,6096,917,2015-05-11T20:38:28Z,43,Java
daimajia/NumberProgressBar,6094,1393,2014-05-01T08:54:25Z,3,Java
javaparser/javaparser,6063,1224,2011-10-30T14:03:44Z,57,Java
apache/pinot,6050,1459,2014-05-19T23:27:48Z,21,Java
google/j2objc,6045,999,2014-01-30T20:19:56Z,1,Java
ZhongFuCheng3y/austin,6045,1457,2021-11-06T09:36:01Z,0,Java
singwhatiwanna/dynamic-load-apk,6026,1981,2014-03-30T11:51:00Z,0,Java
apache/nifi,6025,2938,2014-12-12T08:00:05Z,0,Java
apache/hive,6020,4794,2009-05-21T02:31:01Z,0,Java
pedrovgs/EffectiveAndroidUI,6014,1189,2014-07-04T08:42:20Z,0,Java
jeequan/jeepay,6002,1936,2017-08-12T02:40:32Z,0,Java
robolectric/robolectric,6001,1380,2010-08-28T00:28:25Z,111,Java
opengoofy/hippo4j,5994,1240,2021-06-16T02:59:48Z,18,Java
WeiYe-Jing/datax-web,5991,2250,2019-11-19T01:09:05Z,5,Java
btraceio/btrace,5987,960,2014-08-28T18:58:24Z,33,Java
google/physical-web,5981,651,2014-09-30T18:32:14Z,17,Java
00-Evan/shattered-pixel-dungeon,5974,1414,2014-07-31T21:56:31Z,53,Java
rey5137/material,5967,1300,2014-12-09T12:07:32Z,10,Java
youtube/api-samples,5960,3055,2013-12-09T18:41:41Z,0,Java
wyouflf/xUtils3,5959,1964,2015-10-28T10:56:04Z,9,Java
liyifeng1994/ssm,5939,2715,2016-06-18T17:58:56Z,0,Java
springfox/springfox,5938,1519,2012-05-06T06:38:57Z,12,Java
JSQLParser/JSqlParser,5936,1418,2011-06-23T22:51:52Z,37,Java
journeyapps/zxing-android-embedded,5935,1292,2012-11-28T16:36:39Z,9,Java
prolificinteractive/material-calendarview,5929,1301,2015-02-09T22:31:56Z,22,Java
antoniolg/androidmvp,5910,1556,2014-04-02T05:42:20Z,0,Java
weibocom/motan,5907,1755,2016-04-20T10:56:17Z,28,Java
Archmage83/tvapk,5906,568,2020-07-29T08:04:37Z,0,Java
apache/fesod,5899,489,2024-10-05T11:42:50Z,7,Java
amitshekhariitbhu/Fast-Android-Networking,5891,973,2016-03-21T18:35:44Z,10,Java
lets-blade/blade,5884,1162,2015-06-10T03:35:49Z,9,Java
JakeWharton/DiskLruCache,5865,1170,2012-01-05T00:36:34Z,0,Java
ikarus23/MifareClassicTool,5859,990,2013-02-12T15:39:03Z,10,Java
ffay/lanproxy,5857,1555,2016-11-20T08:12:10Z,1,Java
PBH-BTN/PeerBanHelper,5856,140,2024-02-07T14:35:16Z,190,Java
meefik/linuxdeploy,5795,724,2012-08-21T04:49:14Z,37,Java
Nightonke/BoomMenu,5791,1139,2016-03-19T12:04:12Z,0,Java
yarolegovich/DiscreteScrollView,5786,784,2017-03-03T23:38:54Z,2,Java
changmingxie/tcc-transaction,5776,2769,2015-12-05T04:27:53Z,8,Java
Nepxion/Discovery,5774,1421,2018-06-21T16:16:49Z,132,Java
dmytrodanylyk/circular-progress-button,5757,1170,2014-06-07T12:58:48Z,3,Java
strimzi/strimzi-kafka-operator,5752,1469,2016-05-06T08:52:33Z,170,Java
houbb/sensitive-word,5751,781,2020-01-07T03:10:44Z,2,Java
JanusGraph/janusgraph,5747,1207,2016-12-26T13:26:29Z,28,Java
k0shk0sh/FastHub,5736,931,2017-02-18T17:53:16Z,63,Java
dromara/lamp-cloud,5732,1753,2018-01-17T02:51:04Z,0,Java
jagrosh/MusicBot,5729,2780,2016-08-14T18:46:29Z,38,Java
redis/lettuce,5728,1072,2014-05-10T13:08:46Z,146,Java
ZHENFENG13/spring-boot-projects,5721,1628,2017-04-01T01:50:14Z,0,Java
yanzhenjie/SwipeRecyclerView,5718,1095,2016-08-03T15:43:34Z,0,Java
ddd-by-examples/library,5711,815,2019-01-11T09:14:03Z,0,Java
jpush/aurora-imui,5708,995,2016-12-13T05:24:01Z,42,Java
Devlight/InfiniteCycleViewPager,5703,823,2016-08-22T08:04:39Z,2,Java
201206030/novel,5676,1456,2019-11-11T01:13:52Z,12,Java
crazycodeboy/react-native-splash-screen,5667,1105,2016-09-14T10:43:55Z,12,Java
springside/springside4,5666,2862,2012-02-23T08:39:03Z,3,Java
ElderDrivers/EdXposed,5664,648,2019-01-18T16:18:19Z,27,Java
JakeWharton/u2020,5662,916,2013-11-14T11:58:23Z,0,Java
wasabeef/Blurry,5660,608,2015-07-23T14:12:08Z,0,Java
hanks-zyh/HTextView,5657,816,2015-12-19T16:34:59Z,0,Java
microsoft/typespec,5646,351,2021-06-30T23:29:49Z,453,Java
daimajia/AndroidImageSlider,5620,1634,2014-06-02T06:04:17Z,5,Java
TommyLemon/Android-ZBLibrary,5607,1377,2015-08-20T16:03:53Z,25,Java
osmandapp/OsmAnd,5607,1136,2011-01-15T19:59:44Z,1,Java
hongyangAndroid/FlowLayout,5587,1166,2015-08-28T09:32:31Z,0,Java
apache/hbase,5581,3393,2014-05-23T07:00:07Z,50,Java
baidu/uid-generator,5581,1564,2017-03-27T04:03:43Z,0,Java
alibaba/jetcache,5572,1085,2017-04-12T07:48:23Z,67,Java
hneemann/Digital,5563,561,2016-06-28T17:40:16Z,35,Java
mik3y/usb-serial-for-android,5563,1679,2013-06-30T23:17:45Z,34,Java
amlcurran/ShowcaseView,5562,1271,2012-08-14T19:07:36Z,13,Java
alibaba/QLExpress,5552,1207,2017-03-15T08:39:54Z,25,Java
SuperMonster003/AutoJs6,5546,1593,2021-12-01T05:27:22Z,21,Java
nhaarman/ListViewAnimations,5539,1629,2013-03-19T11:59:23Z,14,Java
knightliao/disconf,5533,2268,2014-05-30T09:39:27Z,12,Java
danikula/AndroidVideoCache,5516,1177,2015-04-01T11:25:52Z,20,Java
wuhaoyu1990/MagicCamera,5515,1623,2016-01-08T11:36:56Z,0,Java
CaffeineMC/sodium,5512,907,2020-02-01T03:04:09Z,40,Java
cinit/QAuxiliary,5501,400,2022-01-29T06:12:36Z,49,Java
jindrapetrik/jpexs-decompiler,5489,752,2014-05-10T17:20:56Z,180,Java
GeyserMC/Geyser,5485,817,2019-07-08T17:23:17Z,0,Java
emilsjolander/StickyListHeaders,5482,1495,2012-03-11T18:29:18Z,16,Java
Jasonchenlijian/FastBle,5476,1246,2016-08-23T02:06:33Z,9,Java
motianhuo/wechat,5469,2413,2015-05-25T02:33:37Z,0,Java
scribejava/scribejava,5469,1649,2010-09-05T19:11:40Z,9,Java
alibaba/freeline,5464,621,2016-08-03T17:22:52Z,22,Java
KeepSafe/TapTargetView,5462,593,2016-09-11T09:07:36Z,24,Java
liquibase/liquibase,5462,1938,2011-07-08T20:08:20Z,107,Java
sockeqwe/mosby,5460,840,2015-03-25T00:59:19Z,15,Java
dm77/barcodescanner,5444,1429,2014-02-24T21:14:09Z,6,Java
apache/groovy,5438,1913,2015-04-16T07:00:05Z,0,Java
TGX-Android/Telegram-X,5437,959,2021-08-17T17:09:25Z,6,Java
rubenlagus/TelegramBots,5426,1351,2016-01-14T00:13:07Z,113,Java
spring-projects/spring-data-examples,5415,3414,2014-01-30T15:42:43Z,0,Java
socketio/socket.io-client-java,5413,977,2013-04-28T17:04:05Z,7,Java
facebookarchive/rebound,5405,802,2013-10-11T01:12:37Z,10,Java
tonikelope/megabasterd,5405,634,2016-09-29T16:54:54Z,208,Java
apache/dubbo-spring-boot-project,5397,1863,2018-01-18T12:10:50Z,13,Java
coobird/thumbnailator,5397,804,2015-07-25T05:38:33Z,0,Java
killbill/killbill,5391,905,2012-10-21T20:55:05Z,151,Java
LFDT-web3j/web3j,5384,1762,2016-09-04T05:48:49Z,121,Java
diffplug/spotless,5379,513,2015-04-27T19:10:58Z,52,Java
facebookarchive/shimmer-android,5364,705,2015-02-27T22:25:22Z,5,Java
Evernote/android-job,5362,554,2015-08-20T19:36:54Z,31,Java
pmd/pmd,5357,1558,2012-07-11T18:03:00Z,113,Java
h6ah4i/android-advancedrecyclerview,5339,853,2015-01-24T16:14:39Z,1,Java
commonsguy/cw-omnibus,5337,3728,2012-03-12T14:12:06Z,36,Java
remkop/picocli,5335,454,2017-02-01T16:38:41Z,86,Java
jgilfelt/SystemBarTint,5334,1423,2013-11-17T12:35:05Z,3,Java
runelite/runelite,5331,5674,2016-04-30T20:48:02Z,0,Java
gsantner/markor,5323,463,2017-08-26T00:08:35Z,81,Java
google/google-authenticator,5322,990,2014-10-08T17:54:27Z,0,Java
XRecyclerView/XRecyclerView,5322,1248,2015-11-18T08:14:22Z,0,Java
allure-framework/allure2,5320,762,2016-05-27T14:06:05Z,84,Java
mybatis/generator,5318,2491,2013-02-10T11:14:50Z,11,Java
dunwu/db-tutorial,5318,646,2017-08-08T06:33:38Z,0,Java
Doikki/DKVideoPlayer,5308,1070,2017-04-11T01:33:38Z,32,Java
LWJGL/lwjgl3,5305,690,2012-12-23T15:40:04Z,23,Java
zfdang/Android-Touch-Helper,5292,502,2020-10-16T00:58:41Z,113,Java
Fuzion24/JustTrustMe,5289,827,2014-07-24T23:45:05Z,1,Java
evant/gradle-retrolambda,5283,442,2013-08-05T02:09:58Z,37,Java
Docile-Alligator/Infinity-For-Reddit,5271,483,2018-07-26T15:02:51Z,196,Java
yixia/VitamioBundle,5269,2046,2012-10-19T08:40:49Z,0,Java
xxv/android-lifecycle,5266,665,2014-04-18T14:26:22Z,0,Java
citerus/dddsample-core,5264,1514,2015-01-31T23:21:37Z,0,Java
CodingDocs/springboot-guide,5263,1402,2018-11-28T01:05:07Z,0,Java
lingochamp/okdownload,5258,801,2017-12-17T08:21:22Z,8,Java
razerdp/BasePopup,5257,764,2016-01-15T03:31:07Z,15,Java
thinkaurelius/titan,5237,999,2012-02-25T22:53:53Z,0,Java
j-easy/easy-rules,5236,1100,2013-03-10T14:38:26Z,10,Java
Yalantis/Side-Menu.Android,5234,1492,2015-01-13T11:11:27Z,2,Java
novicezk/midjourney-proxy,5233,2427,2023-04-24T13:43:45Z,0,Java
huangyanbin/smartTable,5231,870,2017-11-08T01:11:14Z,44,Java
CellularPrivacy/Android-IMSI-Catcher-Detector,5223,1023,2013-11-23T10:04:14Z,48,Java
lucasr/twoway-view,5218,1008,2013-01-18T20:55:23Z,0,Java
bitcoinj/bitcoinj,5212,2564,2013-11-19T04:33:23Z,14,Java
reactor/reactor-core,5211,1245,2015-11-10T10:06:40Z,224,Java
Karumi/Dexter,5208,673,2015-11-17T13:14:43Z,33,Java
oshi/oshi,5197,918,2012-02-10T12:46:48Z,170,Java
brianfrankcooper/YCSB,5197,2321,2010-04-19T20:52:11Z,55,Java
hustcc/JS-Sorting-Algorithm,5194,1133,2017-01-19T11:36:21Z,0,Java
zhanglei-workspace/shopping-management-system,5190,2238,2015-11-16T12:53:21Z,0,Java
Clans/FloatingActionButton,5187,1119,2015-03-21T12:36:16Z,14,Java
Exrick/xpay,5181,1117,2017-12-12T16:11:19Z,0,Java
android/views-widgets-samples,5181,2984,2019-09-06T21:39:12Z,0,Java
killme2008/aviatorscript,5177,898,2011-03-29T12:48:47Z,52,Java
baomidou/dynamic-datasource,5153,1245,2018-04-28T02:32:16Z,19,Java
careercup/ctci,5145,2284,2013-03-21T23:01:01Z,0,Java
square/otto,5135,832,2012-06-27T19:06:49Z,0,Java
natario1/CameraView,5127,980,2017-07-18T09:30:33Z,42,Java
deathmarine/Luyten,5117,1015,2013-07-11T10:57:28Z,17,Java
tianshiyeben/wgcloud,5114,895,2019-01-15T02:02:21Z,31,Java
apache/calcite,5103,2474,2014-06-25T07:00:07Z,0,Java
youlookwhat/DesignPattern,5100,1470,2016-10-21T10:59:32Z,0,Java
line/armeria,5085,985,2015-11-16T04:04:01Z,269,Java
spring-projects/spring-authorization-server,5083,1361,2020-03-17T17:28:57Z,85,Java
sofastack/sofa-boot,5078,1260,2018-04-02T08:28:14Z,83,Java
xuexiangjys/XUI,5073,859,2019-01-07T07:59:02Z,23,Java
bisq-network/bisq,5068,1287,2014-03-12T09:42:29Z,143,Java
OpenTSDB/opentsdb,5064,1239,2010-08-27T02:05:20Z,27,Java
apache/ignite,5059,1931,2015-02-19T08:00:05Z,0,Java
Sayi/poi-tl,5050,1126,2015-03-20T06:47:52Z,14,Java
wequick/Small,5042,1102,2015-11-27T11:37:20Z,25,Java
Kodezi/Chronos,5041,214,2025-07-21T07:34:10Z,0,Java
2227324689/gpmall,5039,1886,2019-07-18T14:09:22Z,0,Java
jankotek/mapdb,5035,881,2012-08-17T15:28:54Z,0,Java
javastacks/spring-boot-best-practice,5035,1356,2018-11-09T06:23:18Z,1,Java
Trinea/android-common,5023,2610,2012-06-19T07:49:46Z,1,Java
yipianfengye/android-zxingLibrary,5018,1042,2016-07-26T08:00:18Z,0,Java
youlookwhat/CloudReader,5008,1346,2016-11-20T11:59:25Z,26,Java
apache/maven,5001,2843,2009-05-21T03:22:03Z,30,Java
rubensousa/GravitySnapHelper,5000,617,2016-08-31T07:25:23Z,15,Java
ageerle/ruoyi-ai,4991,1225,2024-01-16T04:16:41Z,6,Java
JodaOrg/joda-time,4989,1015,2011-05-16T16:49:57Z,51,Java
DingMouRen/LayoutManagerGroup,4988,676,2018-04-28T11:47:38Z,0,Java
spring-attic/spring-mvc-showcase,4985,3654,2011-06-03T15:36:55Z,0,Java
rstudio/rstudio,4976,1166,2010-12-07T19:10:25Z,0,Java
orhanobut/dialogplus,4975,785,2014-12-12T09:24:44Z,9,Java
alibaba/UltraViewPager,4966,679,2017-03-29T13:31:53Z,10,Java
spring-cloud/spring-cloud-netflix,4963,2454,2014-07-11T15:46:12Z,30,Java
roncoo/roncoo-pay,4963,2585,2016-07-21T02:46:06Z,0,Java
querydsl/querydsl,4960,877,2011-08-05T06:46:32Z,35,Java
frogermcs/InstaMaterial,4954,1421,2014-11-10T18:56:49Z,1,Java
react-native-config/react-native-config,4954,656,2016-02-23T00:19:11Z,33,Java
react-native-webrtc/react-native-webrtc,4950,1323,2015-09-27T10:57:30Z,82,Java
orientechnologies/orientdb,4943,874,2012-12-09T20:33:47Z,231,Java
Devlight/NavigationTabBar,4935,913,2016-03-29T08:59:27Z,13,Java
amitshekhariitbhu/RxJava2-Android-Samples,4926,1053,2016-08-27T08:21:37Z,0,Java
HeliBorg/HeliBoard,4925,261,2022-03-09T08:38:32Z,62,Java
DiUS/java-faker,4925,865,2011-06-06T01:01:21Z,0,Java
traex/RippleEffect,4904,1067,2014-10-14T13:32:51Z,0,Java
fuzhengwei/small-spring,4899,1426,2021-05-15T06:07:28Z,0,Java
angryip/ipscan,4896,804,2011-06-28T20:58:48Z,32,Java
cglib/cglib,4895,885,2014-03-29T13:48:30Z,15,Java
Ramotion/folding-cell-android,4894,836,2016-04-01T11:38:47Z,0,Java
Threekiii/Awesome-POC,4885,1008,2022-02-20T06:43:22Z,2,Java
reactive-streams/reactive-streams-jvm,4872,532,2014-02-28T13:16:15Z,0,Java
zhkl0228/unidbg,4868,1119,2019-02-26T09:32:15Z,16,Java
mock-server/mockserver,4860,1100,2013-02-26T06:09:52Z,0,Java
spring-cloud/spring-cloud-gateway,4842,3433,2016-11-16T21:42:51Z,45,Java
micrometer-metrics/micrometer,4833,1080,2017-04-10T21:36:51Z,291,Java
mcxiaoke/packer-ng-plugin,4814,857,2015-11-24T04:08:08Z,1,Java
andkulikov/Transitions-Everywhere,4798,481,2014-10-15T03:37:03Z,23,Java
deepjavalibrary/djl,4794,744,2019-10-29T22:38:54Z,38,Java
claritylab/lucida,4790,870,2014-05-13T17:12:49Z,0,Java
oracle/opengrok,4785,804,2013-01-07T11:49:18Z,302,Java
tuguangquan/mybatis,4776,2362,2014-11-03T04:51:06Z,0,Java
ronmamo/reflections,4774,706,2013-04-16T16:19:26Z,3,Java
etsy/AndroidStaggeredGrid,4771,1112,2013-12-09T19:43:45Z,7,Java
tencentmusic/supersonic,4764,933,2023-06-12T07:23:28Z,15,Java
TheoKanning/openai-java,4763,1202,2020-09-15T02:58:52Z,22,Java
zq2599/blog_demos,4759,1924,2017-04-09T04:51:56Z,0,Java
saiwu-bigkoo/Android-ConvenientBanner,4757,1047,2014-12-23T06:12:33Z,0,Java
dromara/dynamic-tp,4753,856,2022-01-07T16:35:27Z,19,Java
nisrulz/android-tips-tricks,4752,571,2016-08-25T20:27:33Z,0,Java
zlt2000/microservices-platform,4749,1693,2019-03-07T07:13:37Z,30,Java
kyleduo/SwitchButton,4746,866,2014-09-09T07:20:43Z,0,Java
grobidOrg/grobid,4740,537,2012-09-13T15:48:54Z,22,Java
hongyangAndroid/baseAdapter,4732,1195,2015-08-03T02:55:51Z,0,Java
saysky/ForestBlog,4721,1644,2017-10-08T15:27:47Z,0,Java
stleary/JSON-java,4717,2593,2010-12-21T17:46:09Z,25,Java
google/cameraview,4713,1017,2016-08-04T05:22:14Z,0,Java
spring-attic/spring-security-oauth,4700,3978,2011-07-26T18:08:49Z,0,Java
cjlin1/libsvm,4696,1638,2013-09-10T14:32:07Z,0,Java
hansonwang99/Spring-Boot-In-Action,4695,1476,2019-01-28T12:56:51Z,0,Java
SPLWare/esProc,4692,362,2021-11-09T15:41:25Z,0,Java
charles2gan/GDA-android-reversing-Tool,4691,561,2017-10-31T08:18:29Z,40,Java
pardom-zz/ActiveAndroid,4688,1026,2012-11-15T18:10:45Z,0,Java
bytedeco/javacpp,4687,597,2014-04-21T12:47:21Z,14,Java
jgilfelt/chuck,4686,455,2017-02-07T23:51:39Z,5,Java
981011512/--,4684,2254,2020-06-18T22:47:21Z,0,Java
bepass-org/oblivion,4682,631,2024-02-08T05:50:09Z,12,Java
Heeexy/SpringBoot-Shiro-Vue,4678,1769,2017-11-17T18:49:06Z,0,Java
karma9874/AndroRAT,4667,1512,2020-03-22T09:31:28Z,0,Java
ant-media/Ant-Media-Server,4653,681,2017-03-01T08:21:13Z,68,Java
JZ-Darkal/AndroidHttpCapture,4650,863,2016-10-15T19:48:00Z,1,Java
discord-jda/JDA,4650,761,2015-12-12T13:57:32Z,121,Java
wdullaer/MaterialDateTimePicker,4642,936,2015-01-03T19:41:03Z,54,Java
rememberber/WePush,4640,1014,2017-06-23T09:03:36Z,58,Java
CalebFenton/simplify,4638,454,2014-01-16T05:14:02Z,9,Java
chewiebug/GCViewer,4634,995,2011-10-23T09:01:04Z,5,Java
romandanylyk/PageIndicatorView,4633,569,2016-08-20T19:25:32Z,14,Java
gabrielemariotti/cardslib,4632,1176,2013-09-20T21:57:19Z,27,Java
zongzibinbin/MallChat,4631,1025,2023-03-16T15:04:35Z,0,Java
yasserg/crawler4j,4627,1909,2011-12-31T22:49:18Z,3,Java
linhaojun857/aurora,4625,738,2022-08-19T13:39:16Z,0,Java
RedSpider1/concurrent,4621,616,2018-11-03T13:49:36Z,0,Java
h2database/h2database,4619,1280,2015-04-10T19:09:09Z,24,Java
Netflix/ribbon,4617,1237,2013-01-15T01:08:04Z,41,Java
apache/rocketmq-externals,4615,3038,2017-03-14T07:00:06Z,0,Java
nICEnnnnnnnLee/BilibiliDown,4604,414,2019-01-23T06:56:46Z,81,Java
objectbox/objectbox-java,4599,305,2017-01-24T10:29:48Z,53,Java
SplashCodes/JAViewer,4591,692,2016-05-21T08:47:10Z,10,Java
hussien89aa/AndroidTutorialForBeginners,4585,6040,2016-09-26T16:36:28Z,0,Java
puniverse/quasar,4565,567,2013-03-27T14:51:24Z,18,Java
chentao0707/SimplifyReader,4559,1593,2015-08-17T08:22:53Z,0,Java
zhanghai/Douya,4558,1134,2016-02-01T13:44:19Z,11,Java
ReChronoRain/HyperCeiler,4555,343,2023-10-27T17:17:42Z,9,Java
javagrowing/JGrowing,4552,931,2019-02-26T01:55:08Z,0,Java
tiann/epic,4543,818,2017-05-22T02:52:44Z,5,Java
go-lang-plugin-org/go-lang-idea-plugin,4540,567,2010-08-29T08:20:01Z,21,Java
danielzeller/Depth-LIB-Android-,4540,589,2016-04-27T09:37:28Z,0,Java
square/sqlbrite,4537,412,2015-02-19T04:38:37Z,9,Java
jdamcd/android-crop,4535,1071,2014-03-13T10:24:43Z,6,Java
phishman3579/java-algorithms-implementation,4532,1852,2013-11-20T03:30:19Z,0,Java
201206030/novel-plus,4518,1475,2020-05-02T07:15:43Z,36,Java
alibaba/dexposed,4518,1062,2015-06-30T02:59:16Z,0,Java
jacoco/jacoco,4517,1200,2012-07-08T21:45:13Z,50,Java
IoT-Technology/IoT-Technical-Guide,4516,1115,2019-04-02T01:52:44Z,0,Java
azkaban/azkaban,4515,1572,2012-10-18T01:34:53Z,48,Java
castorflex/SmoothProgressBar,4515,1002,2013-11-27T20:32:16Z,9,Java
Flipboard/bottomsheet,4506,594,2015-04-23T17:37:32Z,10,Java
Freeyourgadget/Gadgetbridge,4487,661,2015-01-05T23:19:03Z,0,Java
HotBitmapGG/bilibili-android-client,4486,1465,2016-06-01T04:36:01Z,1,Java
water8394/flink-recommandSystem-demo,4473,1480,2019-05-15T07:55:35Z,0,Java
JakeWharton/NineOldAndroids,4472,1523,2011-12-08T19:46:37Z,0,Java
Meituan-Dianping/Robust,4467,808,2017-03-14T10:14:50Z,13,Java
flutter-webrtc/flutter-webrtc,4452,1351,2018-03-07T02:26:03Z,138,Java
s4kibs4mi/java-developer-roadmap,4451,562,2019-04-23T06:42:13Z,0,Java
apache/shiro,4439,2302,2009-08-29T08:00:17Z,17,Java
janishar/android-mvp-architecture,4432,1239,2017-01-27T08:39:06Z,0,Java
dreamhead/moco,4431,1084,2012-10-18T09:09:51Z,1,Java
square/android-times-square,4427,1182,2013-01-30T20:28:27Z,0,Java
Tencent/GT,4415,1022,2016-01-13T10:29:55Z,3,Java
ThirtyDegreesRay/OpenHub,4397,425,2017-07-11T13:29:51Z,31,Java
Snailclimb/guide-rpc-framework,4396,2175,2020-05-10T13:24:42Z,0,Java
robinhood/ticker,4383,462,2016-07-15T21:37:52Z,9,Java
crate/crate,4375,589,2013-04-10T09:17:16Z,157,Java
Querz/mcaselector,4365,226,2018-04-22T22:23:26Z,75,Java
pytorch/serve,4360,887,2019-10-03T03:17:43Z,24,Java
awangdev/leet-code,4358,27,2015-04-25T19:14:09Z,0,Java
Ashok-Varma/BottomNavigation,4358,680,2016-03-19T19:19:30Z,16,Java
eirslett/frontend-maven-plugin,4350,879,2013-08-30T14:44:38Z,0,Java
AsamK/signal-cli,4344,394,2015-05-11T10:49:42Z,110,Java
mywalkb/LSPosed_mod,4341,264,2022-03-28T08:05:38Z,10,Java
iterate-ch/cyberduck,4339,344,2017-01-20T14:16:34Z,0,Java
BoCloud/folib,4325,250,2025-07-09T06:22:58Z,1,Java
dragonwell-project/dragonwell8,4321,502,2019-03-07T02:57:45Z,46,Java
jlegewie/zotfile,4320,290,2011-12-30T14:47:42Z,33,Java
jitsi/jitsi,4319,976,2013-04-24T17:37:20Z,7,Java
jeasonlzy/ImagePicker,4311,1029,2016-01-27T17:05:03Z,5,Java
google/open-location-code,4309,520,2014-09-30T18:26:35Z,5,Java
failsafe-lib/failsafe,4307,309,2015-06-30T00:56:39Z,0,Java
torakiki/pdfsam,4306,391,2013-09-24T11:06:13Z,70,Java
bingoogolapple/BGARefreshLayout-Android,4304,998,2015-05-28T16:17:00Z,4,Java
geoserver/geoserver,4303,2289,2011-11-10T19:56:06Z,69,Java
apache/streampark,4301,1065,2019-05-27T05:56:03Z,17,Java
JabRef/jabref,4296,3301,2014-03-11T14:48:42Z,48,Java
brianway/java-learning,4290,1190,2016-02-09T05:20:58Z,0,Java
apache/fory,4287,408,2023-04-28T03:57:00Z,65,Java
alibaba/fastjson2,4281,555,2022-04-17T04:27:24Z,61,Java
bjmashibing/InternetArchitect,4281,2854,2019-10-19T16:32:01Z,0,Java
mcxiaoke/android-volley,4272,1543,2013-05-21T05:35:26Z,0,Java
camunda/camunda-bpm-platform,4268,1707,2013-01-03T10:10:31Z,0,Java
ongakuer/CircleIndicator,4266,702,2014-07-30T14:02:56Z,7,Java
grantland/android-autofittextview,4263,689,2011-02-14T06:00:52Z,1,Java
aporter/coursera-android,4256,5210,2014-01-05T09:55:31Z,0,Java
M66B/FairEmail,4255,684,2018-08-02T13:30:25Z,1000,Java
microsoft/malmo,4253,607,2016-05-17T14:58:40Z,21,Java
mybatis/spring-boot-starter,4249,1801,2015-09-25T13:05:15Z,34,Java
dromara/hmily,4248,1402,2017-09-28T06:29:01Z,0,Java
nining377/dolby_beta,4247,270,2020-05-19T12:13:36Z,37,Java
zendesk/maxwell,4240,1037,2015-02-09T22:06:13Z,214,Java
jboss-javassist/javassist,4230,720,2013-05-24T08:31:32Z,24,Java
LibrePDF/OpenPDF,4217,695,2016-07-11T15:50:34Z,87,Java
JetBrains/fernflower,4214,724,2014-10-03T05:00:15Z,0,Java
ChadCSong/ShineButton,4202,544,2016-07-05T06:32:26Z,2,Java
yhaolpz/FloatWindow,4198,656,2017-11-14T14:33:55Z,9,Java
aws/aws-sdk-java,4197,2807,2010-03-22T23:34:58Z,0,Java
powermock/powermock,4187,580,2014-05-28T07:53:53Z,16,Java
Jacksgong/JKeyboardPanelSwitch,4184,683,2015-07-01T17:42:01Z,14,Java
syncthing/syncthing-android,4183,514,2014-02-22T17:15:19Z,332,Java
hugeterry/CoordinatorTabLayout,4183,582,2017-01-27T13:40:28Z,0,Java
oddfar/campus-imaotai,4182,1369,2023-07-07T10:37:13Z,11,Java
codingapi/tx-lcn,4182,1447,2017-11-11T03:34:34Z,14,Java
jMonkeyEngine/jmonkeyengine,4175,1165,2014-03-20T22:29:28Z,82,Java
jishenghua/jshERP,4172,1401,2016-09-20T04:51:39Z,6,Java
bingoogolapple/BGABanner-Android,4167,779,2014-10-25T17:15:18Z,0,Java
googlesamples/mlkit,4164,3091,2020-05-28T21:40:38Z,1,Java
pedrovgs/AndroidWiFiADB,4158,477,2015-10-18T21:58:45Z,8,Java
lilishop/lilishop,4139,1010,2021-05-14T01:28:51Z,3,Java
JFormDesigner/FlatLaf,4130,323,2019-08-19T10:27:05Z,90,Java
pqpo/SmartCropper,4126,757,2017-08-03T11:08:41Z,13,Java
lukas-krecan/ShedLock,4121,563,2016-12-11T13:53:59Z,0,Java
gh0stkey/HaE,4118,300,2020-03-24T10:12:50Z,86,Java
bitcoin-wallet/bitcoin-wallet,4113,2274,2012-03-31T17:06:47Z,0,Java
dinuscxj/LoadingDrawable,4106,638,2016-04-16T07:33:57Z,0,Java
DTStack/chunjun,4105,1693,2018-04-03T12:44:58Z,31,Java
alibaba/Tangram-Android,4103,523,2017-03-29T13:29:57Z,38,Java
code4craft/tiny-spring,4089,1806,2014-01-10T16:37:57Z,0,Java
qunarcorp/bistoury,4087,840,2019-08-01T07:54:25Z,8,Java
Manabu-GT/ExpandableTextView,4077,788,2014-05-17T19:40:15Z,4,Java
oblac/jodd,4074,721,2012-09-07T20:26:48Z,37,Java
orhanobut/hawk,4072,397,2015-02-19T22:25:23Z,22,Java
rubensousa/ViewPagerCards,4069,605,2016-08-20T15:24:12Z,0,Java
jetty/jetty.project,4066,1990,2011-07-14T01:11:57Z,144,Java
RipMeApp/ripme,4063,660,2017-01-06T17:12:09Z,145,Java
camunda/camunda,4056,751,2016-03-20T03:38:04Z,564,Java
knowm/XChange,4050,2008,2012-02-02T10:48:28Z,0,Java
tronprotocol/java-tron,4047,1639,2017-12-26T10:20:38Z,82,Java
luckybilly/CC,4046,633,2017-11-23T16:26:33Z,0,Java
Creators-of-Create/Create,4037,1250,2019-07-18T08:27:10Z,5,Java
uber/NullAway,4025,330,2017-09-01T17:35:57Z,38,Java
freeplane/freeplane,4021,475,2012-09-13T08:55:51Z,56,Java
xcltapestry/XCL-Charts,4021,1125,2014-06-09T15:44:50Z,0,Java
oldmanpushcart/greys-anatomy,4019,1203,2012-11-21T19:39:35Z,0,Java
BoltsFramework/Bolts-Android,4019,525,2014-01-30T04:58:14Z,11,Java
jbloch/effective-java-3e-source-code,4015,1979,2018-08-03T20:48:35Z,0,Java
awaitility/awaitility,4002,257,2010-01-22T15:12:52Z,0,Java
makovkastar/FloatingActionButton,3998,805,2014-07-22T13:29:55Z,0,Java
NotFound9/interviewGuide,3995,687,2016-04-20T07:17:09Z,0,Java
Yalantis/Phoenix,3991,909,2015-01-12T14:11:20Z,1,Java
lcodecorex/TwinklingRefreshLayout,3990,666,2016-03-02T12:11:56Z,0,Java
Piasy/BigImageViewer,3987,408,2016-11-06T09:55:02Z,0,Java
JeremyLiao/LiveEventBus,3986,569,2018-07-11T07:36:59Z,0,Java
fishercoder1534/Leetcode,3980,1295,2016-07-31T05:28:15Z,0,Java
pingfangushi/screw,3976,731,2020-06-21T11:37:06Z,0,Java
mouredev/hello-java,3973,353,2025-03-25T11:15:12Z,0,Java
qstumn/BadgeView,3972,544,2017-02-08T02:01:39Z,5,Java
mercyblitz/tech-weekly,3971,711,2018-12-03T03:10:52Z,0,Java
rovo89/XposedInstaller,3971,1519,2012-04-02T20:33:05Z,0,Java
zzhoujay/RichText,3963,563,2015-07-21T09:36:01Z,0,Java
Dimezis/BlurView,3963,372,2016-04-21T16:00:07Z,32,Java
google/bundletool,3961,419,2018-05-04T07:24:09Z,65,Java
shuzijun/leetcode-editor,3960,422,2019-03-19T16:32:17Z,59,Java
binIoter/GuideView,3954,655,2016-06-19T08:52:25Z,0,Java
kubernetes-client/java,3954,2093,2017-05-08T21:52:58Z,57,Java
linyiqun/DataMiningAlgorithm,3951,1687,2015-01-11T02:50:28Z,0,Java
promeG/TinyPinyin,3938,495,2015-09-30T03:24:50Z,2,Java
JoanZapata/android-iconify,3932,522,2013-06-12T11:42:01Z,0,Java
rengwuxian/RxJavaSamples,3924,854,2016-03-24T13:08:10Z,3,Java
sofastack/sofa-rpc,3922,1202,2018-04-09T03:32:04Z,66,Java
VaughnVernon/IDDD_Samples,3921,921,2013-04-08T22:12:57Z,0,Java
amirzaidi/Launcher3,3907,655,2017-05-30T12:53:32Z,22,Java
databricks/learning-spark,3900,2410,2014-06-16T04:47:54Z,0,Java
bluelinelabs/Conductor,3900,339,2016-03-16T18:42:41Z,36,Java
shopizer-ecommerce/shopizer,3899,3257,2012-11-21T03:42:39Z,18,Java
JavaNoober/BackgroundLibrary,3895,473,2018-09-09T08:52:45Z,13,Java
Exrick/xboot,3892,1301,2018-04-23T14:44:18Z,6,Java
alibaba/jstorm,3885,1777,2013-09-03T03:53:16Z,22,Java
vipulasri/Timeline-View,3882,642,2015-12-15T14:55:04Z,15,Java
wendux/DSBridge-Android,3880,648,2017-01-02T11:58:53Z,2,Java
react-native-share/react-native-share,3877,974,2015-09-30T02:27:34Z,145,Java
ZHENFENG13/My-Blog,3877,1013,2019-03-04T09:17:00Z,0,Java
RikkaApps/Sui,3870,379,2021-01-03T08:26:16Z,21,Java
watabou/pixel-dungeon,3861,1265,2014-07-26T17:34:32Z,0,Java
timehop/sticky-headers-recyclerview,3856,753,2014-10-03T01:57:46Z,0,Java
emanuele-f/PCAPdroid,3856,439,2020-01-06T18:11:27Z,68,Java
yanzhenjie/AndServer,3855,776,2016-06-14T00:52:52Z,1,Java
yacy/yacy_search_server,3854,476,2015-03-22T12:54:20Z,0,Java
uncle-novel/uncle-novel,3846,541,2018-12-11T12:15:30Z,1,Java
MovingBlocks/Terasology,3845,1356,2011-03-04T03:49:19Z,70,Java
RoaringBitmap/RoaringBitmap,3845,587,2013-06-17T20:29:23Z,46,Java
spotbugs/spotbugs,3843,652,2016-11-04T22:18:08Z,73,Java
MiguelCatalan/MaterialSearchView,3828,615,2015-09-14T17:13:46Z,6,Java
aurelhubert/ahbottomnavigation,3825,677,2016-03-17T12:17:56Z,14,Java
happydog-intj/CircleProgress,3816,914,2014-10-30T16:14:42Z,0,Java
JCTools/JCTools,3810,586,2013-11-10T18:04:40Z,19,Java
sofastack/sofa-jraft,3800,1192,2019-03-04T10:13:43Z,32,Java
blossom-editor/blossom,3795,342,2023-08-07T03:02:17Z,19,Java
sunfusheng/MarqueeView,3790,668,2016-06-01T06:50:46Z,0,Java
mcxtzhang/SwipeDelMenuLayout,3788,646,2016-08-25T08:10:45Z,2,Java
yanzhenjie/NoHttp,3786,850,2015-07-29T06:11:12Z,0,Java
tchiotludo/akhq,3783,764,2018-09-09T19:35:39Z,43,Java
rbmonster/learning-note,3783,667,2020-06-15T16:47:25Z,0,Java
zhpanvip/BannerViewPager,3778,465,2017-03-28T09:11:11Z,59,Java
NotHarshhaa/DevOps-Projects,3775,3766,2023-08-09T04:19:38Z,0,Java
mpusher/mpush,3774,1451,2016-04-28T01:43:19Z,9,Java
apache/kylin,3766,1515,2015-01-03T08:00:05Z,2,Java
lygttpod/SuperTextView,3765,588,2016-10-19T04:06:54Z,39,Java
CameraKit/blurkit-android,3763,314,2016-11-06T03:14:58Z,3,Java
Ereza/CustomActivityOnCrash,3762,542,2014-07-04T19:46:21Z,12,Java
helidon-io/helidon,3761,596,2018-08-27T11:03:52Z,139,Java
Atmosphere/atmosphere,3745,755,2010-06-30T14:26:23Z,23,Java
roboguice/roboguice,3744,812,2012-08-12T20:37:19Z,0,Java
jtablesaw/tablesaw,3744,654,2016-01-01T14:58:28Z,84,Java
undertow-io/undertow,3743,1057,2012-07-19T00:52:44Z,18,Java
FCL-Team/FoldCraftLauncher,3742,268,2022-10-19T10:12:18Z,147,Java
Netflix/maestro,3742,268,2024-04-17T01:15:56Z,0,Java
portfolio-performance/portfolio,3733,757,2012-03-24T09:43:08Z,264,Java
lihangleo2/ShadowLayout,3731,424,2019-07-09T07:17:06Z,32,Java
andOTP/andOTP,3730,375,2017-07-05T11:39:52Z,38,Java
coderbruis/JavaSourceCodeLearning,3730,601,2020-06-02T13:34:20Z,0,Java
ethanhua/Skeleton,3724,457,2017-07-30T06:42:39Z,0,Java
stfalcon-studio/ChatKit,3722,832,2017-02-02T09:37:15Z,1,Java
HelloWorld521/Java,3715,1527,2016-12-08T14:01:46Z,0,Java
DataLinkDC/dinky,3713,1327,2021-06-09T07:11:26Z,32,Java
willowtreeapps/spruce-android,3712,365,2017-02-23T20:34:18Z,3,Java
liuyubobobo/Play-with-Algorithms,3710,1452,2016-07-05T18:16:22Z,0,Java
grpc-ecosystem/grpc-spring,3706,864,2016-12-30T09:06:15Z,34,Java
OpenHFT/Chronicle-Queue,3706,561,2013-06-02T15:11:33Z,540,Java
ByteLegend/ByteLegend,3705,146,2021-02-01T10:11:30Z,0,Java
ryanhoo/StylishMusicPlayer,3700,763,2016-09-13T14:38:32Z,0,Java
dromara/liteflow,3697,506,2020-03-25T16:49:22Z,0,Java
dingjikerbo/Android-BluetoothKit,3695,757,2015-10-08T09:07:33Z,0,Java
FasterXML/jackson-databind,3694,1474,2011-12-23T07:17:41Z,0,Java
IrisShaders/Iris,3692,735,2020-10-22T20:21:12Z,140,Java
DependencyTrack/dependency-track,3690,717,2013-07-16T19:16:43Z,75,Java
microservices-patterns/ftgo-application,3690,1401,2017-10-23T04:30:04Z,0,Java
springdoc/springdoc-openapi,3689,588,2019-07-11T23:08:20Z,103,Java
apache/incubator-heron,3687,582,2015-09-25T16:09:24Z,56,Java
1024-lab/smart-admin,3687,973,2019-11-16T02:30:31Z,24,Java
Mojang/brigadier,3680,409,2014-09-15T08:48:24Z,3,Java
linkedin/databus,3677,735,2012-12-17T17:49:17Z,0,Java
networknt/light-4j,3676,628,2016-09-09T22:28:14Z,195,Java
Haleydu/Cimoc,3675,237,2020-07-09T03:09:02Z,61,Java
lisawray/groupie,3668,294,2016-09-01T20:59:35Z,28,Java
yangfuhai/ASimpleCache,3666,1232,2013-07-28T13:50:59Z,0,Java
mbechler/marshalsec,3665,682,2017-05-22T11:43:57Z,0,Java
google/rejoiner,3664,135,2017-12-06T19:09:53Z,3,Java
spring-io/initializr,3659,1796,2013-06-07T16:02:22Z,19,Java
KunMinX/Linkage-RecyclerView,3659,462,2019-04-22T04:39:46Z,0,Java
dropbox/hackpad,3659,520,2015-08-14T02:32:17Z,0,Java
anggrayudi/android-hidden-api,3658,652,2015-09-16T11:58:33Z,2,Java
apache/tika,3658,917,2009-05-21T02:12:11Z,0,Java
fyhertz/libstreaming,3656,1074,2013-01-30T21:24:47Z,0,Java
huburt-Hu/NewbieGuide,3645,529,2017-07-28T06:54:05Z,20,Java
TNG/ArchUnit,3642,332,2017-04-21T08:39:20Z,43,Java
fabric8io/kubernetes-client,3637,1507,2015-07-09T15:43:13Z,131,Java
litesuits/android-common,3630,1078,2014-05-29T08:08:00Z,0,Java
spockframework/spock,3625,480,2010-12-12T19:02:34Z,28,Java
alibaba/Alink,3620,793,2018-09-30T06:36:11Z,22,Java
PlexPt/chatgpt-java,3619,698,2022-12-07T04:55:33Z,24,Java
dtinit/data-transfer-project,3610,491,2018-01-04T21:27:57Z,61,Java
rockerhieu/emojicon,3608,813,2014-01-18T12:32:38Z,2,Java
hmkcode/Android,3605,3389,2013-09-02T16:12:28Z,0,Java
oasisfeng/island,3603,254,2016-04-23T11:30:18Z,50,Java
googlemaps/android-maps-utils,3602,1543,2013-05-17T00:08:48Z,63,Java
Nekogram/Nekogram,3596,163,2023-09-10T07:07:51Z,46,Java
termux/termux-api,3593,754,2015-07-03T00:57:59Z,53,Java
cSploit/android,3592,1140,2014-10-04T05:53:29Z,33,Java
apache/logging-log4j2,3588,1708,2013-06-12T07:00:19Z,17,Java
tyrantgit/ExplosionField,3585,570,2015-09-23T11:34:50Z,0,Java
vert-x3/vertx-examples,3584,2052,2015-02-24T17:42:44Z,0,Java
kikoso/android-stackblur,3582,648,2013-08-15T14:44:32Z,0,Java
WVector/AppUpdate,3581,741,2017-06-19T09:38:42Z,3,Java
AxonFramework/AxonFramework,3570,837,2011-12-02T16:04:42Z,150,Java
davideas/FlexibleAdapter,3570,556,2015-05-02T22:00:43Z,31,Java
dongjunkun/DropDownMenu,3567,781,2015-06-23T07:43:56Z,2,Java
LinShunKang/MyPerf4J,3565,558,2018-03-11T09:58:44Z,25,Java
JakeWharton/ThreeTenABP,3558,135,2015-07-03T17:35:09Z,0,Java
code4craft/netty-learning,3554,1186,2013-09-19T02:24:25Z,0,Java
bilibili/MagicaSakura,3552,460,2016-06-23T07:54:59Z,3,Java
immutables/immutables,3548,293,2013-07-07T13:48:23Z,21,Java
dariuszseweryn/RxAndroidBle,3547,591,2016-02-04T13:42:02Z,60,Java
Netflix/concurrency-limits,3546,325,2017-12-11T19:32:41Z,103,Java
johncarl81/parceler,3538,272,2013-07-03T02:53:01Z,0,Java
arimorty/floatingsearchview,3534,658,2015-11-22T02:38:32Z,0,Java
spring-cloud/spring-cloud-kubernetes,3532,1052,2016-12-13T21:36:25Z,39,Java
M66B/NetGuard,3532,300,2015-10-24T17:59:20Z,165,Java
Guardsquare/proguard,3532,479,2019-03-27T16:35:35Z,36,Java
luontola/retrolambda,3527,226,2013-07-20T07:25:22Z,0,Java
andremion/Music-Player,3523,700,2016-05-06T21:55:37Z,2,Java
rom1v/sndcpy,3519,323,2020-06-09T19:36:57Z,2,Java
lenve/JavaEETest,3514,2792,2016-12-13T02:13:58Z,0,Java
eclipse-openj9/openj9,3509,786,2017-08-25T13:46:07Z,57,Java
nageoffer/12306,3509,342,2023-05-30T04:08:28Z,0,Java
lsjwzh/RecyclerViewPager,3506,661,2015-01-17T18:30:34Z,10,Java
Aefyr/SAI,3506,308,2018-12-14T19:22:27Z,45,Java
nytimes/Store,3503,305,2016-11-29T20:17:11Z,0,Java
baoyongzhang/SwipeMenuListView,3501,1258,2014-08-24T15:40:45Z,2,Java
codeestX/GeekNews,3500,820,2016-08-07T14:56:56Z,0,Java
apache/incubator-kie-optaplanner,3491,971,2011-02-15T19:38:23Z,6,Java
Athou/commafeed,3488,399,2013-03-20T19:32:09Z,66,Java
KingJA/LoadSir,3486,507,2017-09-02T08:32:15Z,6,Java
getActivity/Toaster,3480,426,2018-09-16T05:28:57Z,38,Java
phodal/migration,3477,569,2020-01-08T02:11:38Z,0,Java
ittianyu/BottomNavigationViewEx,3474,555,2016-11-12T08:39:38Z,19,Java
WinterChenS/my-site,3474,1071,2018-05-03T09:05:37Z,0,Java
