file,class,type,cbo,cboModified,fanin,fanout,wmc,dit,noc,rfc,lcom,lcom*,tcc,lcc,totalMethodsQty,staticMethodsQty,publicMethodsQty,privateMethodsQty,protectedMethodsQty,defaultMethodsQty,visibleMethodsQty,abstractMethodsQty,finalMethodsQty,synchronizedMethodsQty,totalFieldsQty,staticFieldsQty,publicFieldsQty,privateFieldsQty,protectedFieldsQty,defaultFieldsQty,finalFieldsQty,synchronizedFieldsQty,nosi,loc,returnQty,loopQty,comparisonsQty,tryCatchQty,parenthesizedExpsQty,stringLiteralsQty,numbersQty,assignmentsQty,mathOperationsQty,variablesQty,maxNestedBlocksQty,anonymousClassesQty,innerClassesQty,lambdasQty,uniqueWordsQty,modifiers,logStatementsQty
/Users/kaiohs/Downloads/codes/lab02-experimentacao-software/data/repos/getActivity__Toaster/app/src/main/java/com/hjq/toast/demo/MainActivity.java,com.hjq.toast.demo.MainActivity$Anonymous6,anonymous,1,1,0,1,3,1,0,3,0,0.0,NaN,NaN,1,0,1,0,0,0,1,0,0,0,0,0,0,0,0,0,0,0,3,15,0,0,0,0,0,0,0,0,0,0,2,0,0,0,1,-1,0
/Users/kaiohs/Downloads/codes/lab02-experimentacao-software/data/repos/getActivity__Toaster/library/src/main/java/com/hjq/toast/SystemToast.java,com.hjq.toast.SystemToast,class,6,8,2,6,7,2,1,4,2,0.5,0.0,0.0,4,0,4,0,0,0,4,0,0,0,2,0,0,2,0,0,1,0,0,31,3,0,2,1,0,1,0,3,0,2,2,0,0,0,27,1,0
/Users/kaiohs/Downloads/codes/lab02-experimentacao-software/data/repos/getActivity__Toaster/app/src/main/java/com/hjq/toast/demo/MainActivity.java,com.hjq.toast.demo.MainActivity$Anonymous5,anonymous,1,1,0,1,1,1,0,2,0,0.0,NaN,NaN,1,0,1,0,0,0,1,0,0,0,0,0,0,0,0,0,0,0,0,7,0,0,0,0,0,0,0,1,0,1,0,0,0,0,5,-1,0
/Users/kaiohs/Downloads/codes/lab02-experimentacao-software/data/repos/getActivity__Toaster/app/src/main/java/com/hjq/toast/demo/MainActivity.java,com.hjq.toast.demo.MainActivity$Anonymous2,anonymous,4,4,0,4,1,1,0,3,0,0.0,NaN,NaN,1,0,1,0,0,0,1,0,0,0,0,0,0,0,0,0,0,0,0,7,1,0,0,0,0,0,3,1,0,1,0,0,0,0,8,-1,0
/Users/kaiohs/Downloads/codes/lab02-experimentacao-software/data/repos/getActivity__Toaster/library/src/main/java/com/hjq/toast/config/IToast.java,com.hjq.toast.config.IToast,interface,3,9,6,3,21,1,0,3,136,0.0,0.0,0.0,17,0,0,0,0,17,17,0,0,0,0,0,0,0,0,0,0,0,0,34,2,0,2,0,1,4,0,1,1,1,2,0,0,0,50,1,0
/Users/kaiohs/Downloads/codes/lab02-experimentacao-software/data/repos/getActivity__Toaster/app/src/main/java/com/hjq/toast/demo/MainActivity.java,com.hjq.toast.demo.MainActivity$Anonymous1,anonymous,2,2,0,2,1,1,0,5,0,0.0,NaN,NaN,1,0,1,0,0,0,1,0,0,0,0,0,0,0,0,0,0,0,0,7,0,0,0,0,0,0,0,1,0,1,0,0,0,0,9,-1,0
/Users/kaiohs/Downloads/codes/lab02-experimentacao-software/data/repos/getActivity__Toaster/app/src/main/java/com/hjq/toast/demo/MainActivity.java,com.hjq.toast.demo.MainActivity$Anonymous4,anonymous,0,0,0,0,1,1,0,5,0,0.0,NaN,NaN,1,0,1,0,0,0,1,0,0,0,0,0,0,0,0,0,0,0,0,5,0,0,0,0,0,0,0,0,0,0,0,0,0,0,3,-1,0
/Users/kaiohs/Downloads/codes/lab02-experimentacao-software/data/repos/getActivity__Toaster/app/src/main/java/com/hjq/toast/demo/MainActivity.java,com.hjq.toast.demo.MainActivity$Anonymous3,anonymous,1,1,0,1,1,1,0,1,0,0.0,NaN,NaN,1,0,1,0,0,0,1,0,0,0,0,0,0,0,0,0,0,0,1,5,0,0,0,0,0,0,0,0,0,0,0,0,0,0,1,-1,0
/Users/kaiohs/Downloads/codes/lab02-experimentacao-software/data/repos/getActivity__Toaster/library/src/main/java/com/hjq/toast/ToastStrategy.java,com.hjq.toast.ToastStrategy$ShowRunnable,innerclass,3,3,0,3,5,1,0,4,0,0.0,NaN,NaN,2,0,1,1,0,0,1,0,0,0,1,0,0,1,0,0,1,0,0,29,0,0,0,0,1,0,0,6,4,4,2,0,0,0,20,2,0
/Users/kaiohs/Downloads/codes/lab02-experimentacao-software/data/repos/getActivity__Toaster/library/src/main/java/com/hjq/toast/ToastParams.java,com.hjq.toast.ToastParams,class,3,11,8,3,0,1,0,0,0,NaN,-1.0,-1.0,0,0,0,0,0,0,0,0,0,0,10,3,10,0,0,0,3,0,0,12,0,0,0,0,0,0,5,6,0,10,0,0,0,0,39,1,0
/Users/kaiohs/Downloads/codes/lab02-experimentacao-software/data/repos/getActivity__Toaster/library/src/main/java/com/hjq/toast/config/IToastStyle.java,com.hjq.toast.config.IToastStyle,interface,2,9,7,2,6,1,0,0,15,0.0,0.0,0.0,6,0,0,0,0,6,6,0,0,0,0,0,0,0,0,0,0,0,0,18,5,0,0,0,0,0,4,0,0,0,0,0,0,0,21,1,0
/Users/kaiohs/Downloads/codes/lab02-experimentacao-software/data/repos/getActivity__Toaster/library/src/main/java/com/hjq/toast/GlobalToast.java,com.hjq.toast.GlobalToast,class,3,4,1,3,3,2,0,2,0,0.0,0.0,0.0,3,0,3,0,0,0,3,0,0,0,1,0,0,1,0,0,1,0,0,13,0,0,0,0,0,0,0,1,0,1,0,0,0,0,17,1,0
/Users/kaiohs/Downloads/codes/lab02-experimentacao-software/data/repos/getActivity__Toaster/library/src/main/java/com/hjq/toast/CustomToast.java,com.hjq.toast.CustomToast,class,5,12,7,5,24,1,2,5,182,0.90079373,0.0,0.0,21,0,21,0,0,0,21,0,0,0,12,0,0,12,0,0,1,0,0,91,14,0,3,0,0,0,2,16,0,12,1,0,0,0,44,1025,0
/Users/kaiohs/Downloads/codes/lab02-experimentacao-software/data/repos/getActivity__Toaster/app/src/main/java/com/hjq/toast/demo/MainActivity.java,com.hjq.toast.demo.MainActivity,class,16,17,1,16,21,2,0,34,171,0.0,0.0,0.0,19,0,18,0,1,0,19,0,0,0,0,0,0,0,0,0,0,0,20,143,0,1,0,0,0,1,10,23,1,9,1,6,0,0,69,17,0
/Users/kaiohs/Downloads/codes/lab02-experimentacao-software/data/repos/getActivity__Toaster/library/src/main/java/com/hjq/toast/ToastStrategy.java,com.hjq.toast.ToastStrategy$CancelRunnable,innerclass,1,1,0,1,3,1,0,2,0,0.0,NaN,NaN,1,0,1,0,0,0,1,0,0,0,0,0,0,0,0,0,0,0,0,12,1,0,2,0,0,0,0,2,0,1,1,0,0,0,9,2,0
/Users/kaiohs/Downloads/codes/lab02-experimentacao-software/data/repos/getActivity__Toaster/library/src/main/java/com/hjq/toast/NotificationToast.java,com.hjq.toast.NotificationToast,class,6,9,3,6,7,3,1,14,1,0.0,0.0,0.0,2,1,1,1,0,0,2,0,0,0,0,0,0,0,0,0,0,0,5,30,2,0,1,1,0,7,0,6,0,6,2,0,0,0,31,1,0
/Users/kaiohs/Downloads/codes/lab02-experimentacao-software/data/repos/getActivity__Toaster/library/src/main/java/com/hjq/toast/style/CustomToastStyle.java,com.hjq.toast.style.CustomToastStyle,class,3,5,2,3,10,1,0,2,33,0.8,0.0,0.0,10,0,10,0,0,0,10,0,0,0,6,0,0,6,0,0,6,0,0,43,6,0,0,0,0,0,4,6,0,6,0,0,0,0,31,1,0
/Users/kaiohs/Downloads/codes/lab02-experimentacao-software/data/repos/getActivity__Toaster/library/src/main/java/com/hjq/toast/ToastStrategy.java,com.hjq.toast.ToastStrategy$ShowToastRunnable,innerclass,3,3,0,3,4,1,0,6,0,0.0,NaN,NaN,2,0,1,1,0,0,1,0,0,0,1,0,0,1,0,0,1,0,0,20,0,0,2,0,0,0,0,5,0,2,1,0,0,0,12,2,0
/Users/kaiohs/Downloads/codes/lab02-experimentacao-software/data/repos/getActivity__Toaster/library/src/main/java/com/hjq/toast/ToastImpl.java,com.hjq.toast.ToastImpl$Anonymous2,anonymous,4,4,0,4,3,1,0,6,0,0.0,NaN,NaN,1,0,1,0,0,0,1,0,0,0,0,0,0,0,0,0,0,0,0,18,1,0,1,1,0,0,0,1,0,1,2,0,0,0,10,-1,0
/Users/kaiohs/Downloads/codes/lab02-experimentacao-software/data/repos/getActivity__Toaster/library/src/main/java/com/hjq/toast/ToastImpl.java,com.hjq.toast.ToastImpl$Anonymous1,anonymous,5,5,0,5,7,1,0,20,0,0.0,NaN,NaN,1,0,1,0,0,0,1,0,0,0,0,0,0,0,0,0,0,0,0,43,1,0,2,1,0,1,0,16,0,2,2,0,0,1,28,-1,0
/Users/kaiohs/Downloads/codes/lab02-experimentacao-software/data/repos/getActivity__Toaster/library/src/main/java/com/hjq/toast/SafeHandler.java,com.hjq.toast.SafeHandler,class,2,3,1,2,3,2,0,2,0,0.0,0.0,0.0,2,0,1,0,0,1,2,0,0,0,1,0,0,1,0,0,1,0,0,14,0,0,0,1,0,1,0,1,0,1,1,0,0,0,20,16,0
/Users/kaiohs/Downloads/codes/lab02-experimentacao-software/data/repos/getActivity__Toaster/app/src/main/java/com/hjq/toast/demo/ToastApplication.java,com.hjq.toast.demo.ToastApplication,class,2,2,0,2,1,2,0,2,0,0.0,NaN,NaN,1,0,1,0,0,0,1,0,0,0,0,0,0,0,0,0,0,0,1,6,0,0,0,0,0,0,0,0,0,0,0,0,0,0,12,17,0
/Users/kaiohs/Downloads/codes/lab02-experimentacao-software/data/repos/getActivity__Toaster/library/src/main/java/com/hjq/toast/config/IToastInterceptor.java,com.hjq.toast.config.IToastInterceptor,interface,1,4,3,1,1,1,0,0,0,0.0,NaN,NaN,1,0,0,0,0,1,1,0,0,0,0,0,0,0,0,0,0,0,0,3,0,0,0,0,0,0,0,0,0,0,0,0,0,0,14,1,0
/Users/kaiohs/Downloads/codes/lab02-experimentacao-software/data/repos/getActivity__Toaster/library/src/main/java/com/hjq/toast/ToastStrategy.java,com.hjq.toast.ToastStrategy,class,21,26,5,21,51,1,0,46,126,0.9243697,0.0,0.0,17,1,6,0,11,0,17,0,0,0,7,3,2,5,0,0,5,0,7,211,26,0,15,2,3,8,12,22,1,20,2,0,3,0,118,1,0
/Users/kaiohs/Downloads/codes/lab02-experimentacao-software/data/repos/getActivity__Toaster/library/src/main/java/com/hjq/toast/config/IToastStrategy.java,com.hjq.toast.config.IToastStrategy,interface,2,5,3,2,4,1,0,0,6,0.0,0.0,0.0,4,0,0,0,0,4,4,0,0,0,0,0,0,0,0,0,0,0,0,6,0,0,0,0,0,0,0,0,0,0,0,0,0,0,22,1,0
/Users/kaiohs/Downloads/codes/lab02-experimentacao-software/data/repos/getActivity__Toaster/library/src/main/java/com/hjq/toast/ToastLogInterceptor.java,com.hjq.toast.ToastLogInterceptor,class,4,6,2,4,10,1,0,18,10,0.0,0.0,0.0,5,0,1,0,4,0,5,0,0,0,0,0,0,0,0,0,0,0,3,38,4,1,0,1,0,4,1,4,1,4,3,0,0,0,40,1,0
/Users/kaiohs/Downloads/codes/lab02-experimentacao-software/data/repos/getActivity__Toaster/library/src/main/java/com/hjq/toast/style/LocationToastStyle.java,com.hjq.toast.style.LocationToastStyle,class,3,4,1,3,8,1,0,1,16,0.75,0.0,0.0,8,0,8,0,0,0,8,0,0,0,6,0,0,6,0,0,6,0,0,37,6,0,0,0,0,1,4,6,0,6,0,0,0,0,29,1,0
/Users/kaiohs/Downloads/codes/lab02-experimentacao-software/data/repos/getActivity__Toaster/library/src/main/java/com/hjq/toast/ActivityToast.java,com.hjq.toast.ActivityToast,class,3,4,1,3,3,2,0,2,0,0.0,0.0,0.0,3,0,3,0,0,0,3,0,0,0,1,0,0,1,0,0,1,0,0,13,0,0,0,0,0,0,0,1,0,1,0,0,0,0,15,1,0
/Users/kaiohs/Downloads/codes/lab02-experimentacao-software/data/repos/getActivity__Toaster/library/src/main/java/com/hjq/toast/SafeToast.java,com.hjq.toast.SafeToast,class,7,9,2,7,5,4,0,8,1,0.0,0.0,0.0,2,0,1,1,0,0,2,0,0,0,0,0,0,0,0,0,0,0,0,25,1,0,0,1,0,3,0,4,0,4,2,0,0,0,28,1,0
/Users/kaiohs/Downloads/codes/lab02-experimentacao-software/data/repos/getActivity__Toaster/library/src/main/java/com/hjq/toast/Toaster.java,com.hjq.toast.Toaster,class,12,18,6,12,61,1,0,34,615,0.8842106,0.0,0.0,38,37,33,4,0,1,34,0,0,0,5,5,0,5,0,0,0,0,40,194,16,0,19,1,1,3,8,27,0,10,2,0,0,0,68,17,0
/Users/kaiohs/Downloads/codes/lab02-experimentacao-software/data/repos/getActivity__Toaster/library/src/main/java/com/hjq/toast/ToastImpl.java,com.hjq.toast.ToastImpl,class,11,17,6,11,16,1,0,18,30,0.8518518,0.0,0.0,9,0,0,3,0,6,6,0,0,0,9,2,0,9,0,0,6,0,0,140,5,0,1,0,0,2,0,16,0,13,1,2,0,0,56,16,0
/Users/kaiohs/Downloads/codes/lab02-experimentacao-software/data/repos/getActivity__Toaster/library/src/main/java/com/hjq/toast/style/WhiteToastStyle.java,com.hjq.toast.style.WhiteToastStyle,class,4,5,1,4,2,2,0,5,1,0.0,0.0,0.0,2,0,0,0,2,0,2,0,0,0,0,0,0,0,0,0,0,0,0,11,2,0,0,0,0,0,3,1,0,1,0,0,0,0,27,1,0
/Users/kaiohs/Downloads/codes/lab02-experimentacao-software/data/repos/getActivity__Toaster/library/src/main/java/com/hjq/toast/ActivityStack.java,com.hjq.toast.ActivityStack,class,6,9,3,6,19,1,0,2,42,0.7307692,0.0,0.0,13,1,12,1,0,0,12,0,0,0,4,1,0,4,0,0,0,0,1,63,8,0,6,0,0,1,1,8,0,4,3,0,0,0,32,16,0
/Users/kaiohs/Downloads/codes/lab02-experimentacao-software/data/repos/getActivity__Toaster/library/src/main/java/com/hjq/toast/WindowLifecycle.java,com.hjq.toast.WindowLifecycle,class,7,11,4,7,24,1,0,8,34,0.6666667,0.0,0.0,12,0,8,0,0,4,12,0,0,0,3,0,0,3,0,0,0,0,0,76,9,0,8,0,0,0,0,5,0,3,2,0,0,0,34,16,0
/Users/kaiohs/Downloads/codes/lab02-experimentacao-software/data/repos/getActivity__Toaster/library/src/main/java/com/hjq/toast/style/BlackToastStyle.java,com.hjq.toast.style.BlackToastStyle,class,8,12,4,8,11,1,1,22,28,0.0,0.0,0.0,8,0,1,0,7,0,8,0,0,0,0,0,0,0,0,0,0,0,0,53,8,0,0,0,0,2,7,5,0,5,1,0,0,0,37,1,0
/Users/kaiohs/Downloads/codes/lab02-experimentacao-software/data/repos/getActivity__Toaster/library/src/main/java/com/hjq/toast/NotificationServiceProxy.java,com.hjq.toast.NotificationServiceProxy,class,0,1,1,0,8,1,0,2,0,0.0,0.0,0.0,2,0,2,0,0,0,2,0,0,0,1,0,0,1,0,0,1,0,0,20,1,0,1,0,0,4,3,2,0,1,2,0,0,0,22,16,0
